ID,Start,Datum und Zeit,1. Are you using external data sources for the training of Machine Learning models?,2. Are you currently working for a company that deploys Machine Learning in any organizational unit?,3. Are you working with Machine Learning outside of a company?,4. Can the models you are training be used in a specific industrial or organizational context?,Country,Accounting,Airlines/Aviation,Alternative Dispute Resolution,Alternative Medicine,Animation,Apparel &amp; Fashion,Architecture &amp; Planning,Arts and Crafts,Automotive,Aviation &amp; Aerospace,Banking,Biotechnology,Broadcast Media,Building Materials,Business Supplies and Equipment,Capital Markets,Chemicals,Civic &amp; Social Organization,Civil Engineering,Commercial Real Estate,Computer &amp; Network Security,Computer Games,Computer Hardware,Computer Networking,Computer Software,Construction,Consumer Electronics,Consumer Goods,Consumer Services,Cosmetics,Dairy,Defense &amp; Space,Design,Education Management,E-Learning,Electrical/Electronic Manufacturing,Entertainment,Environmental Services,Events Services,Executive Office,Facilities Services,Farming,Financial Services,Fine Art,Fishery,Food &amp; Beverages,Food Production,Fund-Raising,Furniture,Gambling &amp; Casinos,"Glass, Ceramics &amp; Concrete",Government Administration,Government Relations,Graphic Design,"Health, Wellness and Fitness",Higher Education,Hospital &amp; Health Care,Hospitality,Human Resources,Import and Export,Individual &amp; Family Services,Industrial Automation,Information Services,Information Technology and Services,Insurance,International Affairs,International Trade and Development,Internet,Investment Banking,Investment Management,Judiciary,Law Enforcement,Law Practice,Legal Services,Legislative Office,"Leisure, Travel &amp; Tourism",Libraries,Logistics and Supply Chain,Luxury Goods &amp; Jewelry,Machinery,Management Consulting,Maritime,Market Research,Marketing and Advertising,Mechanical or Industrial Engineering,Media Production,Medical Devices,Medical Practice,Mental Health Care,Military,Mining &amp; Metals,Motion Pictures and Film,Museums and Institutions,Music,Nanotechnology,Newspapers,Non-Profit Organization Management,Oil &amp; Energy,Online Media,Outsourcing/Offshoring,Package/Freight Delivery,Packaging and Containers,Paper &amp; Forest Products,Performing Arts,Pharmaceuticals,Philanthropy,Photography,Plastics,Political Organization,Primary/Secondary Education,Printing,Professional Training &amp; Coaching,Program Development,Public Policy,Public Relations and Communications,Public Safety,Publishing,Railroad Manufacture,Ranching,Real Estate,Recreational Facilities and Services,Religious Institutions,Renewables &amp; Environment,Research,Restaurants,Retail,Security and Investigations,Semiconductors,Shipbuilding,Sporting Goods,Sports,Staffing and Recruiting,Supermarkets,Telecommunications,Textiles,Think Tanks,Tobacco,Translation and Localization,Transportation/Trucking/Railroad,Utilities,Venture Capital &amp; Private Equity,Veterinary,Warehousing,Wholesale,Wine and Spirits,Wireless,Writing and Editing,8. How many people are employed at the company you are working at?,10. What industry does the company operate in?,Art,Construction,Corporate,Education,Finance,Goods,Government,Healthcare,Legal,Manufacturing,Media & entertainment,Organization,Recreation,Service,Technology,Transportation,Inbound logistics,Production,Outbound logistics,"Marketing, sales & distribution",Service,Company infrastructure,HR management,R&D,Procurement,Finances & controlling,11. What is your job title?,13. Are you choosing external data according to selection criteria?,14. Which of the following selection criteria are you using to evaluate external data?,Machine readibility,Dataset completeness,Amount of data,Dataset relevancy,"Dataset provenance (how was the data accumulated,  was it manipulated and who is responsible for the collection)","Dataset verifiability (where did each value come from, if different sets are interlinked, where did each come from)",Dataset licensing,Dataset accuracy,"Dataset interlinking (If the dataset a combination of other datasets, e.g. how were they linked)","Dataset consistency (are value ranges defined, is the dataset coherent)",Dataset availability (form of availability),Durability of the data source,Dataset understandibility / interpretability (e.g. are codes or categories explained),Age of the data,Dataset dynamicity (how often is the dataset updated),I don't know.2,Textfeld,15. How are you choosing your external data sources?,16. Do you know whether your models are trained on structured or unstructured data or even a mix between the two?,17. Please estimate the distribution between structured and unstructured data sources you are using for the training of Machine Learning models,18. Are there certain file formats that you prefer or refrain from using?,19. Which file formats do you prefer?,20. Which file formats do you refrain from using?,21. Which type of data providers are you using to retrieve external data?,government agencies (incl. universities),organizations,companies,individuals (e.g. blogs),Textfeld.1,22. Which types of data sources are you using regarding their accessibility?,Public access (open data),"Restricted (paid, e.g. pay-per-use)","Restricted (members only e.g. industry affiliation, company size, supply chain, business partnerships)",I don't know.3,Textfeld.2,23. Please rate the following data types according to your perceived relevance,"personal data (e.g., address, medical details, transactions, communications, etc.)","organisational data (e.g., address, business facts, positions, transactions, communications, etc.)","device or service data (usage, configuration, status data, etc.)","environmental data (data about nature (e.g., trees in a forest), public infrastructure (e.g., streets in a city) or economic data)","data about nature (e.g., trees in a forest)","data about public infrastructure (e.g., streets in a city)",economic data,other environmental data,"External financial data, location data, activity data",Text basedr,aaa,public data,news data,financial data,-,"Stock Market Data, Weather Data, Wikipedia, Open Linked Data, Social Media Posts (Twitter, Facebook) etc, for Sentiment Analysis on Products, Services, Stocks, etc.",Physiological data,a,Other,Client's information,24. Please rate the following statements,It is possible to derive a practical benefit from Machine Learning models which are trained explicitly on external data.,Machine Learning models need to be trained on a combination of internal data and external data to provide a practical benefit.,Model training on purely external data suits educational purposes.,25. Do you know whether you are training models based on traditional Machine Learning or Deep Learning?,26. Which model complexity do you use most often?,27. Which model building process do you rely on?,"Non-automated frameworks (e.g. scikit-learn, Keras or TensorFlow in Python)","Automated frameworks (e.g. AutoSklearn, Autokeras)",I don't know.4,Textfeld.3,28. Which learning technique do you use most often?,29. Which external sources for data are you currently using to train Machine Learning models?,30. This is the last question before the end of the questionnaire. Are you sure you are done and want to submit the survey?
71567565,22.06.2020 17:28,22.06.2020 17:29,No,,Yes,No,,,,,,,,,,,,,,,,,,,,,,,,,,,,,,,,,,,,,,,,,,,,,,,,,,,,,,,,,,,,,,,,,,,,,,,,,,,,,,,,,,,,,,,,,,,,,,,,,,,,,,,,,,,,,,,,,,,,,,,,,,,,,,,,,,,,,,,,,,,,,,,,,,,,,,,,,,,,,,,,,,,,,,,0.0,0.0,0.0,0.0,0.0,0.0,0.0,0.0,0.0,0.0,,,,,,,,,,,,,,,,,,,,,,,,,,,,,,,,,,,,,,,,,,,,,,,,,,,,,,,,,,,,,,,,,,,,,,,,,ja
71589259,23.06.2020 06:15,23.06.2020 06:15,I don't know,Yes,,,,,,,,,,,,,,,,,,,,,,,,,,,,,,,,,,,,,,,,,,,,,,,,,,,,,,,,,,,,,,,,,,,,,,,,,,,,,,,,,,,,,,,,,,,,,,,,,,,,,,,,,,,,,,,,,,,,,,,,,,,,,,,,,,,,,,,,,,,,,,,,,,,,,,,,,,,,,,,,,,,,,,,,,0.0,0.0,0.0,0.0,0.0,0.0,0.0,0.0,0.0,0.0,,,,,,,,,,,,,,,,,,,,,,,,,,,,,,,,,,,,,,,,,,,,,,,,,,,,,,,,,,,,,,,,,,,,,,,,,
71597949,23.06.2020 10:57,23.06.2020 11:04,"Yes, sometimes as enrichment and sometimes as stand-alone training data",Yes,,,Israel,,,,,,,,,,,,,,,,,,,,,,,,,1.0,,,,,,,,,,,,,,,,,,,,,,,,,,,,,,,,,,,,,,,,,,,,,,,,,,,,,,,,,,,,,,,,,,,,,,,,,,,,,,,,,,,,,,,,,,,,,,,,,,,,,,,,,,,,,,,,,,,,,,,,,,,between 50 and 250,Computer Software,0.0,0.0,0.0,0.0,0.0,0.0,0.0,0.0,0.0,0.0,0.0,0.0,0.0,0.0,1.0,0.0,1.0,,1.0,1.0,1.0,,1.0,,1.0,1.0,Senior Data Scientist,I don't know,,,,,,,,,,,,,,,,,,,,ja,25.0,Yes,csv,"json, shp,json",,1.0,1.0,1.0,1.0,SparkBeyond world datasets,,1.0,1.0,,,,,5.0,4.0,3.0,3.0,1.0,3.0,4.0,3.0,5.0,,,,,,,,,,,,,7.0,2.0,6.0,ja,2.0,,1.0,1.0,,SparkBeyond,Supervised learning,"Dan Ofer's SB open datasets(https://docs.google.com/spreadsheets/d/1Nq8VAoZZo1yABAi4E9zR3Z6gcE2GW1s6c2ECjuyUAyc/edit?usp=sharing), SparkBeyond World Datasets (http://sparkbeyond.com/), kaggle datasets (https://www.kaggle.com/datasets), CENSUS (https://www.census.gov/), USA ACS census (https://www.census.gov/), data.world (https://data.world/)",ja
71600323,23.06.2020 11:43,23.06.2020 11:44,"Yes, sometimes as enrichment and sometimes as stand-alone training data",No,Yes,No,,,,,,,,,,,,,,,,,,,,,,,,,,,,,,,,,,,,,,,,,,,,,,,,,,,,,,,,,,,,,,,,,,,,,,,,,,,,,,,,,,,,,,,,,,,,,,,,,,,,,,,,,,,,,,,,,,,,,,,,,,,,,,,,,,,,,,,,,,,,,,,,,,,,,,,,,,,,,,,,,,,,,,,0.0,0.0,0.0,0.0,0.0,0.0,0.0,0.0,0.0,0.0,,,,,,,,,,,,,,,,,,,,,,,,,,,,,,,,,,,,,,,,0.0,,,,,,,,,,,,,,,,,,,,,,,,,,,,,,,,,
71602292,23.06.2020 12:13,23.06.2020 12:28,"Yes, as enrichment of our internal data",No,Yes,Yes,_Other,,,,,,,,,,,,,,,,,1.0,,,,,,,,,,,,,,,,,,,,,,,,,,,,,,,,,,,,,,,,,,,,,,,,,,,,,,,,,,,,,,,,,,,,,,,,,,,,,,,,,1.0,,,,,,,,,,,,,,,,,,,,,,,,,,1.0,,,,,,,,,,,,,,,,,,,,,,,,,,0.0,0.0,0.0,1.0,0.0,0.0,1.0,0.0,0.0,1.0,0.0,0.0,0.0,0.0,0.0,0.0,,,,,,,,1.0,,,,Yes,,,1.0,1.0,1.0,1.0,1.0,,1.0,,,1.0,,1.0,,,,,,ja,9.0,Yes,".cif, .dat, .csv, .txt",.xlsx,,1.0,,,,,,1.0,,,,,,1.0,1.0,1.0,5.0,2.0,2.0,3.0,4.0,,,,,,,,,,,,,,7.0,4.0,5.0,ja,0.0,,1.0,,,,Supervised learning,"NIST: National Institute of Standards and Technology (https://www.nist.gov/), Elsevier (https://www.elsevier.com/en-gb), GitHub (https://github.com/), Materials Project (https://materialsproject.org/) and other articles/research journals and also information in research group's websites.",ja
71605979,23.06.2020 13:28,23.06.2020 13:32,"Yes, sometimes as enrichment and sometimes as stand-alone training data",No,Yes,No,,,,,,,,,,,,,,,,,,,,,,,,,,,,,,,,,,,,,,,,,,,,,,,,,,,,,,,,,,,,,,,,,,,,,,,,,,,,,,,,,,,,,,,,,,,,,,,,,,,,,,,,,,,,,,,,,,,,,,,,,,,,,,,,,,,,,,,,,,,,,,,,,,,,,,,,,,,,,,,,,,,,,,,0.0,0.0,0.0,0.0,0.0,0.0,0.0,0.0,0.0,0.0,,I don't know,,,,,,,,,,,,,,,,,,,,,,No,,,,1.0,1.0,1.0,1.0,,,1.0,,1.0,,,,0.0,0.0,3.0,3.0,3.0,3.0,0.0,0.0,,,,,,,,,,,,,,6.0,5.0,7.0,,,,1.0,1.0,,own code,Reinforcement  learning,"https://www.kdnuggets.com/datasets, http://www.cs.waikato.ac.nz/ml/weka/datasets.html, http://en.openei.org/wiki/Main_Page, http://traces.cs.umass.edu/index.php/Smart/Smart, https://www.kaggle.com/datasets, https://archive.ics.uci.edu/ml/index.php",ja
71610191,23.06.2020 14:47,23.06.2020 14:53,"Yes, as stand-alone training data",No,Yes,Yes,Saudi Arabia,,,,,,,,,,,,,,,,,,,,,1.0,,,,,,,,,,,,,,,,,,,,,,,,,,,,,,,,,,,,,,,,,,,,,,,,,,,,,,,,,,,,,,,,,,,,,,,,,,,,,,,,,,,,,,,,,,,,,,,,,,,,,,,,,,,,,,,,,,,,,,,,,,,,,,,,,0.0,0.0,0.0,0.0,0.0,0.0,0.0,0.0,0.0,0.0,0.0,0.0,0.0,0.0,1.0,0.0,,,,,1.0,1.0,,,,,,Yes,,1.0,1.0,1.0,1.0,,,,,,1.0,,,,,,,,,nein,,Yes,Csv,Sql,,,,,1.0,,,1.0,,,,,,1.0,1.0,1.0,1.0,1.0,1.0,1.0,1.0,,4.0,,,,,,,,,,,,5.0,5.0,3.0,ja,19.0,,1.0,1.0,,,Supervised learning,Phish tank,ja
71610744,23.06.2020 14:59,23.06.2020 15:02,"Yes, as stand-alone training data",No,Yes,Yes,United States,,,,,,,,,,,,,,,,,,,,,,,,,,,,,,,,,,,,,,,,,,,,,,,,,,,,,,,,,,,,,,,,,,,,,,,,,,,,,,,,,,,1.0,1.0,,1.0,1.0,1.0,1.0,,,,,,,,,,,,,,,,,,,,,,,1.0,1.0,,,,1.0,,,,,,,1.0,,,,,,,,,,,,,,,,,,,,,,,,,,0.0,0.0,1.0,1.0,0.0,0.0,1.0,1.0,0.0,0.0,1.0,1.0,1.0,0.0,0.0,0.0,1.0,,1.0,1.0,,,,1.0,,,,,,,,,,,,,,,,,,,,,,,,,,,,,,,,,,,,,,,,,,,,,,,,,,,,,,,,,,,,,,,,,,,,,,,,,,,
71613398,23.06.2020 15:54,23.06.2020 15:54,No,,,,,,,,,,,,,,,,,,,,,,,,,,,,,,,,,,,,,,,,,,,,,,,,,,,,,,,,,,,,,,,,,,,,,,,,,,,,,,,,,,,,,,,,,,,,,,,,,,,,,,,,,,,,,,,,,,,,,,,,,,,,,,,,,,,,,,,,,,,,,,,,,,,,,,,,,,,,,,,,,,,,,,,,,,0.0,0.0,0.0,0.0,0.0,0.0,0.0,0.0,0.0,0.0,,,,,,,,,,,,,,,,,,,,,,,,,,,,,,,,,,,,,,,,,,,,,,,,,,,,,,,,,,,,,,,,,,,,,,,,,ja
71615307,23.06.2020 16:34,23.06.2020 16:34,No,,,,,,,,,,,,,,,,,,,,,,,,,,,,,,,,,,,,,,,,,,,,,,,,,,,,,,,,,,,,,,,,,,,,,,,,,,,,,,,,,,,,,,,,,,,,,,,,,,,,,,,,,,,,,,,,,,,,,,,,,,,,,,,,,,,,,,,,,,,,,,,,,,,,,,,,,,,,,,,,,,,,,,,,,,0.0,0.0,0.0,0.0,0.0,0.0,0.0,0.0,0.0,0.0,,,,,,,,,,,,,,,,,,,,,,,,,,,,,,,,,,,,,,,,,,,,,,,,,,,,,,,,,,,,,,,,,,,,,,,,,
71615717,23.06.2020 16:44,23.06.2020 16:44,No,,,,,,,,,,,,,,,,,,,,,,,,,,,,,,,,,,,,,,,,,,,,,,,,,,,,,,,,,,,,,,,,,,,,,,,,,,,,,,,,,,,,,,,,,,,,,,,,,,,,,,,,,,,,,,,,,,,,,,,,,,,,,,,,,,,,,,,,,,,,,,,,,,,,,,,,,,,,,,,,,,,,,,,,,,0.0,0.0,0.0,0.0,0.0,0.0,0.0,0.0,0.0,0.0,,,,,,,,,,,,,,,,,,,,,,,,,,,,,,,,,,,,,,,,,,,,,,,,,,,,,,,,,,,,,,,,,,,,,,,,,
71620052,23.06.2020 18:38,23.06.2020 18:39,"Yes, sometimes as enrichment and sometimes as stand-alone training data",No,Yes,Yes,,,,,,,,,,,,,,,,,,,,,,,,,,,,,,,,,,,,,,,,,,,,,,,,,,,,,,,,,,,,,,,,,,,,,,,,,,,,,,,,,,,,,,,,,,,,,,,,,,,,,,,,,,,,,,,,,,,,,,,,,,,,,,,,,,,,,,,,,,,,,,,,,,,,,,,,,,,,,,,,,,,,,,,0.0,0.0,0.0,0.0,0.0,0.0,0.0,0.0,0.0,0.0,,,,,,,,,,,,,,,,,,,,,,,,,,,,,,,,,,,,,,,,,,,,,,,,,,,,,,,,,,,,,,,,,,,,,,,,,
71622279,23.06.2020 19:44,23.06.2020 19:45,"Yes, as enrichment of our internal data",I don't know,Yes,Yes,,,,,,,,,,,,,,,,,,,,,,,,,,,,,,,,,,,,,,,,,,,,,,,,,,,,,,,,,,,,,,,,,,,,,,,,,,,,,,,,,,,,,,,,,,,,,,,,,,,,,,,,,,,,,,,,,,,,,,,,,,,,,,,,,,,,,,,,,,,,,,,,,,,,,,,,,,,,,,,,,,,,,,,0.0,0.0,0.0,0.0,0.0,0.0,0.0,0.0,0.0,0.0,,,,,,,,,,,,,,,,,,,,,,,,,,,,,,,,,,,,,,,,,,,,,,,,,,,,,,,,,,,,,,,,,,,,,,,,,
71622531,23.06.2020 19:51,23.06.2020 19:52,"Yes, as stand-alone training data",No,Yes,Yes,,,,,,,,,,,,,,,,,,,,,,,,,,,,,,,,,,,,,,,,,,,,,,,,,,,,,,,,,,,,,,,,,,,,,,,,,,,,,,,,,,,,,,,,,,,,,,,,,,,,,,,,,,,,,,,,,,,,,,,,,,,,,,,,,,,,,,,,,,,,,,,,,,,,,,,,,,,,,,,,,,,,,,,0.0,0.0,0.0,0.0,0.0,0.0,0.0,0.0,0.0,0.0,,,,,,,,,,,,,,,,,,,,,,,,,,,,,,,,,,,,,,,,,,,,,,,,,,,,,,,,,,,,,,,,,,,,,,,,,
71622734,23.06.2020 19:57,23.06.2020 20:00,"Yes, as enrichment of our internal data",Yes,,,United States,,,,,,,,,,,,,,,,,,,,,,,,,,,,,,,,,,,,,,,,,,,1.0,,,,,,,,,,,,,,,,,,,,,,,,,,,,,,,,,,,,,,,,,,,,,,,,,,,,,,,,,,,,,,,,,,,,,,,,,,,,,,,,,,,,,,,,,,,,,,,,,,,,,,,,,more than 1000,Financial Services,0.0,0.0,0.0,0.0,1.0,0.0,0.0,0.0,0.0,0.0,0.0,0.0,0.0,0.0,0.0,0.0,,,,,,,,1.0,,,Lead Data Scientist,,,,,,,,,,,,,,,,,,,,,,,,,,,,,,,,,,,,,,,,,,,,,,,,,,,,,,,,,,,,,,,,,,,,,,,,
71632340,24.06.2020 00:40,24.06.2020 00:41,"Yes, as stand-alone training data",Yes,,,,,,,,,,,,,,,,,,,,,,,,,,,,,,,,,,,,,,,,,,,,,,,,,,,,,,,,,,,,,,,,,,,,,,,,,,,,,,,,,,,,,,,,,,,,,,,,,,,,,,,,,,,,,,,,,,,,,,,,,,,,,,,,,,,,,,,,,,,,,,,,,,,,,,,,,,,,,,,,,,,,,,,,,0.0,0.0,0.0,0.0,0.0,0.0,0.0,0.0,0.0,0.0,,,,,,,,,,,,,,,,,,,,,,,,,,,,,,,,,,,,,,,,,,,,,,,,,,,,,,,,,,,,,,,,,,,,,,,,,
71636775,24.06.2020 06:57,24.06.2020 06:58,"Yes, as enrichment of our internal data",Yes,,,India,,,,,,,,,,,,,,,,,,,,,,,,,,,,,,,,,,,,,,,,,,,,,,,,,,,,,,,1.0,,,,,,,,,,,,,,,,,,,,,,,,,,,,,,,,,,,,,,,,,,,,,,,,,,,,,,,,,,,,,,,,,,,,,,,,,,,,,,,,,,,,,,,,,,,,,between 50 and 250,"Health, Wellness and Fitness",0.0,0.0,0.0,0.0,0.0,0.0,0.0,1.0,0.0,0.0,0.0,0.0,1.0,0.0,0.0,0.0,,,,,,,,1.0,,,Data scientist,,,,,,,,,,,,,,,,,,,,,,,,,,,,,,,,,,,,,,,,,,,,,,,,,,,,,,,,,,,,,,,,,,,,,,,,
71637710,24.06.2020 07:46,24.06.2020 07:48,"Yes, as stand-alone training data",Yes,,,Canada,,,,,,,,,,,,,,,,,,,,,,,,,,1.0,,,,,,,,,,,,,,,,,,,,,,,,,,,,,,,,,,,,,,,,,,,,,,,,,,,,,,,,,,,,,,,,,,,,,,,,,,,,,,,,,,,,,,,,,,,,,,,,,,,,,,,,,,,,,,,,,,,,,,,,,,between 10 and 50,Construction,0.0,1.0,0.0,0.0,0.0,0.0,0.0,0.0,0.0,0.0,0.0,0.0,0.0,0.0,0.0,0.0,,1.0,,,,,,,,,ML Researcher,,,,,,,,,,,,,,,,,,,,,,,,,,,,,,,,,,,,,,,,,,,,,,,,,,,,,,,,,,,,,,,,,,,,,,,,
71651500,24.06.2020 13:48,24.06.2020 13:50,"Yes, sometimes as enrichment and sometimes as stand-alone training data",No,Yes,Yes,United Kingdom,,,,,,,,,,,,,,,,,,,,,,,,,1.0,,,,,,,,,,,,,,,,,,,,,,,,,,,1.0,1.0,,,,,,,,,,,,,,,,,,,,,,,,,,,,,,,,,,,,,1.0,,,,,,,,,,,,,,,,,,,,,,,,,,,,,,,,,,,,,,,,,,,,,,,,,,,,,,,,,,,,0.0,0.0,0.0,0.0,0.0,0.0,1.0,0.0,0.0,0.0,0.0,0.0,0.0,0.0,1.0,0.0,,,,,,,,,,,,Yes,,1.0,1.0,1.0,1.0,1.0,1.0,1.0,1.0,1.0,1.0,1.0,1.0,1.0,1.0,1.0,,,,ja,54.0,No,,,,1.0,1.0,1.0,1.0,,,1.0,1.0,1.0,,,,,,,,,,,,,,,,,,,,,,,,,,,,,,,,,,,,,
71652448,24.06.2020 14:06,24.06.2020 14:10,"Yes, sometimes as enrichment and sometimes as stand-alone training data",Yes,,,Germany,,,,,,,,,,,,,,,,,,,,,,,,,,,,,,,,,,,,,,,,,,,1.0,,,,,,,,,,,,,,,,,,,,,,,,,,,,,,,,,,,,,,,,,,,,,,,,,,,,,,,,,,,,,,,,,,,,,,,,,,,,,,,,,,,,,,,,,,,,,,,,,,,,,,,,,more than 1000,Financial Services,0.0,0.0,0.0,0.0,1.0,0.0,0.0,0.0,0.0,0.0,0.0,0.0,0.0,0.0,0.0,0.0,,1.0,,1.0,,,,1.0,,,Data Scientist,Yes,,1.0,1.0,1.0,1.0,1.0,1.0,1.0,1.0,1.0,1.0,1.0,1.0,1.0,1.0,1.0,,,,ja,50.0,Yes,"csv, databases",".pdf, images",,1.0,1.0,1.0,,,,1.0,1.0,1.0,,,,4.0,4.0,2.0,2.0,1.0,4.0,5.0,2.0,,,,,,,,,,,,,,7.0,2.0,5.0,ja,20.0,,1.0,,,,Supervised learning,,ja
71653782,24.06.2020 14:33,24.06.2020 14:38,"Yes, as stand-alone training data",No,Yes,Yes,India,,,,,,,,,,,,,,,,,,,,,,,,,,1.0,,,,,,,,,,,,,,,,,,,,,,,,,,,,,,,,,,,,,,,,,,,,,,,,,,,,,,,,,,,,,,,,,,,,,,,,,,,,,,,,,,,,,,,,,,,,,,,,,,,,,,,,,,,,,,,,,,,,,,,,,,,,0.0,1.0,0.0,0.0,0.0,0.0,0.0,0.0,0.0,0.0,0.0,0.0,0.0,0.0,0.0,0.0,,,,1.0,,,,,,,,Yes,,,1.0,,,,,,,,,,,,,,,,,ja,,No,,,,1.0,,,,,,1.0,,,,,,,,,,,,2.0,,,,,,,,,,,,,,,0.0,6.0,6.0,ja,,,,1.0,,,Supervised learning,,ja
71653952,24.06.2020 14:36,24.06.2020 14:37,"Yes, sometimes as enrichment and sometimes as stand-alone training data",Yes,,,,,,,,,,,,,,,,,,,,,,,,,,,,,,,,,,,,,,,,,,,,,,,,,,,,,,,,,,,,,,,,,,,,,,,,,,,,,,,,,,,,,,,,,,,,,,,,,,,,,,,,,,,,,,,,,,,,,,,,,,,,,,,,,,,,,,,,,,,,,,,,,,,,,,,,,,,,,,,,,,,,,,,,,0.0,0.0,0.0,0.0,0.0,0.0,0.0,0.0,0.0,0.0,,,,,,,,,,,,,,,,,,,,,,,,,,,,,,,,,,,,,,,,,,,,,,,,,,,,,,,,,,,,,,,,,,,,,,,,,
71654326,24.06.2020 14:45,24.06.2020 14:46,"Yes, as stand-alone training data",No,Yes,No,,,,,,,,,,,,,,,,,,,,,,,,,,,,,,,,,,,,,,,,,,,,,,,,,,,,,,,,,,,,,,,,,,,,,,,,,,,,,,,,,,,,,,,,,,,,,,,,,,,,,,,,,,,,,,,,,,,,,,,,,,,,,,,,,,,,,,,,,,,,,,,,,,,,,,,,,,,,,,,,,,,,,,,0.0,0.0,0.0,0.0,0.0,0.0,0.0,0.0,0.0,0.0,,Yes,,,,,,,,,,,,,,,,,,,,,,,,,,,,,,,,,,,,,,,,,,,,,,,,,,,,,,,,,,,,,,,,,,,,,,,
71654604,24.06.2020 14:51,24.06.2020 14:52,"Yes, sometimes as enrichment and sometimes as stand-alone training data",No,No,,,,,,,,,,,,,,,,,,,,,,,,,,,,,,,,,,,,,,,,,,,,,,,,,,,,,,,,,,,,,,,,,,,,,,,,,,,,,,,,,,,,,,,,,,,,,,,,,,,,,,,,,,,,,,,,,,,,,,,,,,,,,,,,,,,,,,,,,,,,,,,,,,,,,,,,,,,,,,,,,,,,,,,,0.0,0.0,0.0,0.0,0.0,0.0,0.0,0.0,0.0,0.0,,,,,,,,,,,,,,,,,,,,,,,,,,,,,,,,,,,,,,,,,,,,,,,,,,,,,,,,,,,,,,,,,,,,,,,,,ja
71657618,24.06.2020 15:52,24.06.2020 15:54,"Yes, sometimes as enrichment and sometimes as stand-alone training data",No,Yes,Yes,Germany,,,,,,,1.0,,,,,,,,,,,,,,,,,,,,,,,,,,,,,,,,,,,,,1.0,,,,,,,,,,,,,,,,,,,,,,,,,,,,,,,,1.0,,,,,,,,,,,,,,,,,,,,,,,,,,,,,,,,,,,,,,,,,,,,,,,,,,,,,,,,,,,,,,,,,,,,,,,,,,1.0,1.0,0.0,0.0,0.0,0.0,0.0,0.0,0.0,0.0,1.0,0.0,1.0,1.0,0.0,1.0,,,,,,,,1.0,,,,Yes,,,,,,,,,,,,,,,,,,,,,,,,,,,,,,,,,,,,,,,,,,,,,,,,,,,,,,,,,,,,,,,,,,,,,,,
71661996,24.06.2020 17:11,24.06.2020 17:12,"Yes, sometimes as enrichment and sometimes as stand-alone training data",No,No,,,,,,,,,,,,,,,,,,,,,,,,,,,,,,,,,,,,,,,,,,,,,,,,,,,,,,,,,,,,,,,,,,,,,,,,,,,,,,,,,,,,,,,,,,,,,,,,,,,,,,,,,,,,,,,,,,,,,,,,,,,,,,,,,,,,,,,,,,,,,,,,,,,,,,,,,,,,,,,,,,,,,,,,0.0,0.0,0.0,0.0,0.0,0.0,0.0,0.0,0.0,0.0,,,,,,,,,,,,,,,,,,,,,,,,,,,,,,,,,,,,,,,,,,,,,,,,,,,,,,,,,,,,,,,,,,,,,,,,,
71666230,24.06.2020 18:43,24.06.2020 18:45,"Yes, as enrichment of our internal data",Yes,,,Austria,,,,,,,,,,,,,,,,,,,,,,,,,,,,,,,,,,,,,,,,,,,,,,1.0,,,,,,,,,,,,,,,,,,,,,,,,,,,,,,,,,,,,,,,,,,,,,,,,,,,,,,,,,,,,,,,,,,,,,,,,,,,,,,,,,,,,,,,,,,,,,,,,,,,,,,between 10 and 50,"Food &amp, Beverages",0.0,0.0,0.0,0.0,0.0,0.0,0.0,0.0,0.0,0.0,0.0,0.0,1.0,1.0,0.0,0.0,0.0,0.0,0.0,0.0,0.0,0.0,0.0,0.0,0.0,0.0,Head of Computer Vision Solutions,,,,,,,,,,,,,,,,,,,,,,,,,,,,,,,,,,,,,,,,,,,,,,,,,,,,,,,,,,,,,,,,,,,,,,,,
71670120,24.06.2020 20:10,24.06.2020 20:11,No,,,,,,,,,,,,,,,,,,,,,,,,,,,,,,,,,,,,,,,,,,,,,,,,,,,,,,,,,,,,,,,,,,,,,,,,,,,,,,,,,,,,,,,,,,,,,,,,,,,,,,,,,,,,,,,,,,,,,,,,,,,,,,,,,,,,,,,,,,,,,,,,,,,,,,,,,,,,,,,,,,,,,,,,,,0.0,0.0,0.0,0.0,0.0,0.0,0.0,0.0,0.0,0.0,,,,,,,,,,,,,,,,,,,,,,,,,,,,,,,,,,,,,,,,,,,,,,,,,,,,,,,,,,,,,,,,,,,,,,,,,
71678615,24.06.2020 23:55,24.06.2020 23:56,No,,,,,,,,,,,,,,,,,,,,,,,,,,,,,,,,,,,,,,,,,,,,,,,,,,,,,,,,,,,,,,,,,,,,,,,,,,,,,,,,,,,,,,,,,,,,,,,,,,,,,,,,,,,,,,,,,,,,,,,,,,,,,,,,,,,,,,,,,,,,,,,,,,,,,,,,,,,,,,,,,,,,,,,,,,0.0,0.0,0.0,0.0,0.0,0.0,0.0,0.0,0.0,0.0,,,,,,,,,,,,,,,,,,,,,,,,,,,,,,,,,,,,,,,,,,,,,,,,,,,,,,,,,,,,,,,,,,,,,,,,,ja
71679970,24.06.2020 23:03,25.06.2020 01:20,"Yes, sometimes as enrichment and sometimes as stand-alone training data",Yes,,,Egypt,,,,,,,,,,,,,,,,,,,,,,,,,1.0,,,,,,,,,,,,,,,,,,,,,,,,,,,,,,,,,,,,,,,,,,,,,,,,,,,,,,,,,,,,,,,,,,,,,,,,,,,,,,,,,,,,,,,,,,,,,,,,,,,,,,,,,,,,,,,,,,,,,,,,,,,less than 10,Computer Software,0.0,0.0,0.0,0.0,0.0,0.0,0.0,0.0,0.0,0.0,0.0,0.0,0.0,0.0,1.0,0.0,1.0,1.0,1.0,,,,,,,,CEO,Yes,,1.0,1.0,1.0,1.0,1.0,1.0,1.0,1.0,1.0,1.0,1.0,1.0,1.0,1.0,1.0,,,,ja,0.0,No,,,,1.0,1.0,1.0,,,,1.0,,,,,,1.0,1.0,2.0,2.0,2.0,3.0,2.0,2.0,,,,,,,,,,,,,,4.0,4.0,2.0,ja,76.0,,1.0,,,,Supervised learning,,ja
71685941,25.06.2020 08:20,25.06.2020 08:21,"Yes, sometimes as enrichment and sometimes as stand-alone training data",No,Yes,No,,,,,,,,,,,,,,,,,,,,,,,,,,,,,,,,,,,,,,,,,,,,,,,,,,,,,,,,,,,,,,,,,,,,,,,,,,,,,,,,,,,,,,,,,,,,,,,,,,,,,,,,,,,,,,,,,,,,,,,,,,,,,,,,,,,,,,,,,,,,,,,,,,,,,,,,,,,,,,,,,,,,,,,0.0,0.0,0.0,0.0,0.0,0.0,0.0,0.0,0.0,0.0,,,,,,,,,,,,,,,,,,,,,,,,,,,,,,,,,,,,,,,,,,,,,,,,,,,,,,,,,,,,,,,,,,,,,,,,,
71693849,25.06.2020 11:43,25.06.2020 11:44,"Yes, as enrichment of our internal data",Yes,,,Netherlands,,,,,,,,,,,,,,,,,,,,,,,,,,,,,,,,,,,,,,,,,,,,,,,,,,,,,,,,1.0,,,,,,,,,,,,,,,,,,,,,,,,,,,,,,,,,,,,,,,,,,,,,,,,,,,,,,,,,,,,,,,,,,,,,,,,,,,,,,,,,,,,,,,,,,,,less than 10,Higher Education,0.0,0.0,0.0,1.0,0.0,0.0,0.0,0.0,0.0,0.0,0.0,0.0,0.0,0.0,0.0,0.0,0.0,0.0,0.0,0.0,0.0,0.0,0.0,0.0,0.0,0.0,,,,,,,,,,,,,,,,,,,,,,,,,,,,,,,,,,,,,,,,,,,,,,,,,,,,,,,,,,,,,,,,,,,,,,,,,
71697622,25.06.2020 12:51,25.06.2020 12:51,"Yes, as stand-alone training data",,,,,,,,,,,,,,,,,,,,,,,,,,,,,,,,,,,,,,,,,,,,,,,,,,,,,,,,,,,,,,,,,,,,,,,,,,,,,,,,,,,,,,,,,,,,,,,,,,,,,,,,,,,,,,,,,,,,,,,,,,,,,,,,,,,,,,,,,,,,,,,,,,,,,,,,,,,,,,,,,,,,,,,,,,0.0,0.0,0.0,0.0,0.0,0.0,0.0,0.0,0.0,0.0,,,,,,,,,,,,,,,,,,,,,,,,,,,,,,,,,,,,,,,,,,,,,,,,,,,,,,,,,,,,,,,,,,,,,,,,,
71718764,25.06.2020 20:52,25.06.2020 20:53,"Yes, as stand-alone training data",No,Yes,,,,,,,,,,,,,,,,,,,,,,,,,,,,,,,,,,,,,,,,,,,,,,,,,,,,,,,,,,,,,,,,,,,,,,,,,,,,,,,,,,,,,,,,,,,,,,,,,,,,,,,,,,,,,,,,,,,,,,,,,,,,,,,,,,,,,,,,,,,,,,,,,,,,,,,,,,,,,,,,,,,,,,,,0.0,0.0,0.0,0.0,0.0,0.0,0.0,0.0,0.0,0.0,,,,,,,,,,,,,,,,,,,,,,,,,,,,,,,,,,,,,,,,,,,,,,,,,,,,,,,,,,,,,,,,,,,,,,,,,
71721168,25.06.2020 21:52,25.06.2020 21:53,"Yes, sometimes as enrichment and sometimes as stand-alone training data",Yes,,,,,,,,,,,,,,,,,,,,,,,,,,,,,,,,,,,,,,,,,,,,,,,,,,,,,,,,,,,,,,,,,,,,,,,,,,,,,,,,,,,,,,,,,,,,,,,,,,,,,,,,,,,,,,,,,,,,,,,,,,,,,,,,,,,,,,,,,,,,,,,,,,,,,,,,,,,,,,,,,,,,,,,,,0.0,0.0,0.0,0.0,0.0,0.0,0.0,0.0,0.0,0.0,,,,,,,,,,,,,,,,,,,,,,,,,,,,,,,,,,,,,,,,,,,,,,,,,,,,,,,,,,,,,,,,,,,,,,,,,
71746256,26.06.2020 13:29,26.06.2020 13:31,"Yes, as enrichment of our internal data",No,No,,,,,,,,,,,,,,,,,,,,,,,,,,,,,,,,,,,,,,,,,,,,,,,,,,,,,,,,,,,,,,,,,,,,,,,,,,,,,,,,,,,,,,,,,,,,,,,,,,,,,,,,,,,,,,,,,,,,,,,,,,,,,,,,,,,,,,,,,,,,,,,,,,,,,,,,,,,,,,,,,,,,,,,,0.0,0.0,0.0,0.0,0.0,0.0,0.0,0.0,0.0,0.0,,,,,,,,,,,,,,,,,,,,,,,,,,,,,,,,,,,,,,,,,,,,,,,,,,,,,,,,,,,,,,,,,,,,,,,,,nein
71779785,27.06.2020 15:05,27.06.2020 15:05,"Yes, as stand-alone training data",Yes,,,,,,,,,,,,,,,,,,,,,,,,,,,,,,,,,,,,,,,,,,,,,,,,,,,,,,,,,,,,,,,,,,,,,,,,,,,,,,,,,,,,,,,,,,,,,,,,,,,,,,,,,,,,,,,,,,,,,,,,,,,,,,,,,,,,,,,,,,,,,,,,,,,,,,,,,,,,,,,,,,,,,,,,,0.0,0.0,0.0,0.0,0.0,0.0,0.0,0.0,0.0,0.0,,,,,,,,,,,,,,,,,,,,,,,,,,,,,,,,,,,,,,,,,,,,,,,,,,,,,,,,,,,,,,,,,,,,,,,,,
71781348,27.06.2020 16:16,27.06.2020 16:21,"Yes, as stand-alone training data",No,Yes,Yes,Malaysia,,,,,,,,,,,,,,,,,,,,,,,,,1.0,,,,,,,,,,,,,,,,,,,,,,,,,,,,,,,,,,,,,,,,,,,,,,,,,,,,,,,,,,,,,,,,,,,,,,,,,,,,,,,,,,,,,,,,,,,,,,,,,,,,,,,,,,,,,,,,,,,,,,,,,,,,,0.0,0.0,0.0,0.0,0.0,0.0,0.0,0.0,0.0,0.0,0.0,0.0,0.0,0.0,1.0,0.0,,,,,,,,1.0,,,,Yes,,1.0,1.0,1.0,1.0,,,1.0,1.0,,,,,,,,,,,nein,,Yes,.csv,No,,,,,1.0,,,1.0,,,,,,1.0,1.0,1.0,1.0,1.0,1.0,2.0,1.0,,,,,,,,,,,,,,5.0,4.0,6.0,ja,51.0,,1.0,,,,Unsupervised  learning,Kaggle,ja
71781823,27.06.2020 16:38,27.06.2020 16:38,"Yes, as enrichment of our internal data",Yes,,,,,,,,,,,,,,,,,,,,,,,,,,,,,,,,,,,,,,,,,,,,,,,,,,,,,,,,,,,,,,,,,,,,,,,,,,,,,,,,,,,,,,,,,,,,,,,,,,,,,,,,,,,,,,,,,,,,,,,,,,,,,,,,,,,,,,,,,,,,,,,,,,,,,,,,,,,,,,,,,,,,,,,,,0.0,0.0,0.0,0.0,0.0,0.0,0.0,0.0,0.0,0.0,,,,,,,,,,,,,,,,,,,,,,,,,,,,,,,,,,,,,,,,,,,,,,,,,,,,,,,,,,,,,,,,,,,,,,,,,
71782603,27.06.2020 17:11,27.06.2020 17:13,"Yes, as stand-alone training data",Yes,,,United States,,,,,,,,,,,,,,,,,,,,,,,,,,,,,,,,,,,,,,,,,,,1.0,,,,,,,,,,,,,,,,,,,,,,,,,,,,,,,,,,,,,,,,,,,,,,,,,,,,,,,,,,,,,,,,,,,,,,,,,,,,,,,,,,,,,,,,,,,,,,,,,,,,,,,,,less than 10,Financial Services,0.0,0.0,0.0,0.0,1.0,0.0,0.0,0.0,0.0,0.0,0.0,0.0,0.0,0.0,0.0,0.0,0.0,0.0,0.0,0.0,0.0,0.0,0.0,0.0,0.0,0.0,Data Scientist,,,,,,,,,,,,,,,,,,,,,,,,,,,,,,,,,,,,,,,,,,,,,,,,,,,,,,,,,,,,,,,,,,,,,,,,
71782956,27.06.2020 17:28,27.06.2020 17:29,"Yes, as stand-alone training data",Yes,,,,,,,,,,,,,,,,,,,,,,,,,,,,,,,,,,,,,,,,,,,,,,,,,,,,,,,,,,,,,,,,,,,,,,,,,,,,,,,,,,,,,,,,,,,,,,,,,,,,,,,,,,,,,,,,,,,,,,,,,,,,,,,,,,,,,,,,,,,,,,,,,,,,,,,,,,,,,,,,,,,,,,,,,0.0,0.0,0.0,0.0,0.0,0.0,0.0,0.0,0.0,0.0,,,,,,,,,,,,,,,,,,,,,,,,,,,,,,,,,,,,,,,,,,,,,,,,,,,,,,,,,,,,,,,,,,,,,,,,,
71784603,27.06.2020 18:36,27.06.2020 18:42,"Yes, as enrichment of our internal data",Yes,,,United Kingdom,,,,,,,,,,,,,,,,,,,,,,,,,,,,,,,,,,,,,,,,,,,,,,,,,,,,,,,,,,,,,,,,,1.0,,,,,,,,,,,,,,,,,,,,,,,,,,,,,,,,,,,,,,,,,,,,,,,,,,,,,,,,,,,,,,,,,,,,,,,,,,,,,,,,,,,between 50 and 250,Insurance,0.0,0.0,0.0,0.0,1.0,0.0,0.0,0.0,0.0,0.0,0.0,0.0,0.0,0.0,0.0,0.0,,,,,1.0,,,,,,Data Engineer,Yes,,1.0,1.0,1.0,1.0,1.0,1.0,1.0,,,1.0,,,1.0,,,,,,ja,7.0,Yes,".csv, .parquet",.xslx,,1.0,1.0,1.0,,,,1.0,1.0,1.0,,,,0.0,2.0,1.0,2.0,0.0,4.0,3.0,4.0,,,,,,,,,,,,,,5.0,7.0,5.0,ja,12.0,,1.0,,,,Supervised learning,"Meteomatics, Crime statistics, Unable to tell you about others",ja
71785207,27.06.2020 19:06,27.06.2020 19:08,"Yes, as enrichment of our internal data",Yes,,,,,,,,,,,,,,,,,,,,,,,,,,,,,,,,,,,,,,,,,,,,,,,,,,,,,,,,,,,,,,,,,,,,,,,,,,,,,,,,,,,,,,,,,,,,,,,,,,,,,,,,,,,,,,,,,,,,,,,,,,,,,,,,,,,,,,,,,,,,,,,,,,,,,,,,,,,,,,,,,,,,,,,,,0.0,0.0,0.0,0.0,0.0,0.0,0.0,0.0,0.0,0.0,,,,,,,,,,,,,,,,,,,,,,,,,,,,,,,,,,,,,,,,,,,,,,,,,,,,,,,,,,,,,,,,,,,,,,,,,
71789624,27.06.2020 22:50,27.06.2020 22:50,"Yes, as enrichment of our internal data",No,,,,,,,,,,,,,,,,,,,,,,,,,,,,,,,,,,,,,,,,,,,,,,,,,,,,,,,,,,,,,,,,,,,,,,,,,,,,,,,,,,,,,,,,,,,,,,,,,,,,,,,,,,,,,,,,,,,,,,,,,,,,,,,,,,,,,,,,,,,,,,,,,,,,,,,,,,,,,,,,,,,,,,,,,0.0,0.0,0.0,0.0,0.0,0.0,0.0,0.0,0.0,0.0,,,,,,,,,,,,,,,,,,,,,,,,,,,,,,,,,,,,,,,,,,,,,,,,,,,,,,,,,,,,,,,,,,,,,,,,,
71811352,28.06.2020 21:50,28.06.2020 21:50,"Yes, as stand-alone training data",No,Yes,Yes,,,,,,,,,,,,,,,,,,,,,,,,,,,,,,,,,,,,,,,,,,,,,,,,,,,,,,,,,,,,,,,,,,,,,,,,,,,,,,,,,,,,,,,,,,,,,,,,,,,,,,,,,,,,,,,,,,,,,,,,,,,,,,,,,,,,,,,,,,,,,,,,,,,,,,,,,,,,,,,,,,,,,,,0.0,0.0,0.0,0.0,0.0,0.0,0.0,0.0,0.0,0.0,,,,,,,,,,,,,,,,,,,,,,,,,,,,,,,,,,,,,,,,,,,,,,,,,,,,,,,,,,,,,,,,,,,,,,,,,
71825840,29.06.2020 10:57,29.06.2020 11:14,"Yes, as enrichment of our internal data",Yes,,,Thailand,,,,,,,,,,,,,,,,,,,,,,,,,,,,,,,,,,,,,,,,,,,,,,,,,,,,,,,,,,,,,,,,,,,,,,,,,,,,,,,,,,,,,,,,,,,,,,,,,,,,,,,,,,,,,,,,,1.0,,,,,,,,,,,,,,,,,,,,,,,,,,,,,,,,,,,between 50 and 250,Program Development,0.0,0.0,1.0,0.0,0.0,0.0,0.0,0.0,0.0,0.0,0.0,1.0,0.0,0.0,0.0,0.0,,1.0,1.0,,,1.0,1.0,,1.0,1.0,,Yes,,1.0,1.0,1.0,1.0,,,,,1.0,1.0,1.0,1.0,,,,,,,ja,84.0,Yes,.xlsx,.xlsx,,1.0,1.0,1.0,,,,1.0,1.0,1.0,,,,1.0,3.0,0.0,0.0,0.0,0.0,0.0,0.0,,,4.0,,,,,,,,,,,0.0,7.0,0.0,ja,,,1.0,1.0,,,Unsupervised  learning,,
71826033,29.06.2020 11:02,29.06.2020 11:03,I don't know,,,,,,,,,,,,,,,,,,,,,,,,,,,,,,,,,,,,,,,,,,,,,,,,,,,,,,,,,,,,,,,,,,,,,,,,,,,,,,,,,,,,,,,,,,,,,,,,,,,,,,,,,,,,,,,,,,,,,,,,,,,,,,,,,,,,,,,,,,,,,,,,,,,,,,,,,,,,,,,,,,,,,,,,,,0.0,0.0,0.0,0.0,0.0,0.0,0.0,0.0,0.0,0.0,,,,,,,,,,,,,,,,,,,,,,,,,,,,,,,,,,,,,,,,,,,,,,,,,,,,,,,,,,,,,,,,,,,,,,,,,
71827296,29.06.2020 11:29,29.06.2020 11:30,"Yes, as stand-alone training data",No,Yes,Yes,,,,,,,,,,,,,,,,,,,,,,,,,,,,,,,,,,,,,,,,,,,,,,,,,,,,,,,,,,,,,,,,,,,,,,,,,,,,,,,,,,,,,,,,,,,,,,,,,,,,,,,,,,,,,,,,,,,,,,,,,,,,,,,,,,,,,,,,,,,,,,,,,,,,,,,,,,,,,,,,,,,,,,,0.0,0.0,0.0,0.0,0.0,0.0,0.0,0.0,0.0,0.0,,,,,,,,,,,,,,,,,,,,,,,,,,,,,,,,,,,,,,,,,,,,,,,,,,,,,,,,,,,,,,,,,,,,,,,,,
71836537,29.06.2020 14:23,29.06.2020 14:23,No,,,,,,,,,,,,,,,,,,,,,,,,,,,,,,,,,,,,,,,,,,,,,,,,,,,,,,,,,,,,,,,,,,,,,,,,,,,,,,,,,,,,,,,,,,,,,,,,,,,,,,,,,,,,,,,,,,,,,,,,,,,,,,,,,,,,,,,,,,,,,,,,,,,,,,,,,,,,,,,,,,,,,,,,,,0.0,0.0,0.0,0.0,0.0,0.0,0.0,0.0,0.0,0.0,,,,,,,,,,,,,,,,,,,,,,,,,,,,,,,,,,,,,,,,,,,,,,,,,,,,,,,,,,,,,,,,,,,,,,,,,
71840677,29.06.2020 15:43,29.06.2020 15:45,"Yes, as enrichment of our internal data",No,Yes,No,,,,,,,,,,,,,,,,,,,,,,,,,,,,,,,,,,,,,,,,,,,,,,,,,,,,,,,,,,,,,,,,,,,,,,,,,,,,,,,,,,,,,,,,,,,,,,,,,,,,,,,,,,,,,,,,,,,,,,,,,,,,,,,,,,,,,,,,,,,,,,,,,,,,,,,,,,,,,,,,,,,,,,,0.0,0.0,0.0,0.0,0.0,0.0,0.0,0.0,0.0,0.0,,Yes,,,,,,,,,1.0,,,,1.0,,,,,,,,,Yes,csv,xlsx,,1.0,,,,,,1.0,,,,,,,,,,,,,,,,,,,,,,,,,,,,,,,,,,,,,,,
71842046,29.06.2020 16:07,29.06.2020 16:08,"Yes, as enrichment of our internal data",Yes,,,,,,,,,,,,,,,,,,,,,,,,,,,,,,,,,,,,,,,,,,,,,,,,,,,,,,,,,,,,,,,,,,,,,,,,,,,,,,,,,,,,,,,,,,,,,,,,,,,,,,,,,,,,,,,,,,,,,,,,,,,,,,,,,,,,,,,,,,,,,,,,,,,,,,,,,,,,,,,,,,,,,,,,,0.0,0.0,0.0,0.0,0.0,0.0,0.0,0.0,0.0,0.0,,,,,,,,,,,,,,,,,,,,,,,,,,,,,,,,,,,,,,,,,,,,,,,,,,,,,,,,,,,,,,,,,,,,,,,,,
71862311,30.06.2020 02:08,30.06.2020 02:08,"Yes, sometimes as enrichment and sometimes as stand-alone training data",,,,,,,,,,,,,,,,,,,,,,,,,,,,,,,,,,,,,,,,,,,,,,,,,,,,,,,,,,,,,,,,,,,,,,,,,,,,,,,,,,,,,,,,,,,,,,,,,,,,,,,,,,,,,,,,,,,,,,,,,,,,,,,,,,,,,,,,,,,,,,,,,,,,,,,,,,,,,,,,,,,,,,,,,,0.0,0.0,0.0,0.0,0.0,0.0,0.0,0.0,0.0,0.0,,,,,,,,,,,,,,,,,,,,,,,,,,,,,,,,,,,,,,,,,,,,,,,,,,,,,,,,,,,,,,,,,,,,,,,,,
71866522,30.06.2020 08:07,30.06.2020 08:08,"Yes, as enrichment of our internal data",Yes,,,,,,,,,,,,,,,,,,,,,,,,,,,,,,,,,,,,,,,,,,,,,,,,,,,,,,,,,,,,,,,,,,,,,,,,,,,,,,,,,,,,,,,,,,,,,,,,,,,,,,,,,,,,,,,,,,,,,,,,,,,,,,,,,,,,,,,,,,,,,,,,,,,,,,,,,,,,,,,,,,,,,,,,,0.0,0.0,0.0,0.0,0.0,0.0,0.0,0.0,0.0,0.0,,,,,,,,,,,,,,,,,,,,,,,,,,,,,,,,,,,,,,,,,,,,,,,,,,,,,,,,,,,,,,,,,,,,,,,,,
71875843,30.06.2020 12:03,30.06.2020 12:14,"Yes, as enrichment of our internal data",Yes,,,Germany,,,,,,,,,,,,,,,,,,,,,,,,,,,,,,,,,,,,,,,,,,,,,,,,,,,,,,,,,,,,,,,,,,,,,,,,,,,,,,,,1.0,,,,,,,,,,,,,,,,,,,,,,,,,,,,,,,,,,,,,,,,,,,,,,,,,,,,,,,,,,,,,,,,,,,,more than 1000,Machinery,0.0,0.0,0.0,0.0,0.0,0.0,0.0,0.0,0.0,1.0,0.0,0.0,0.0,0.0,0.0,0.0,,,,,1.0,,,1.0,,1.0,Data Scientist,Yes,,1.0,,,1.0,1.0,,1.0,,,1.0,,,,,,,,,ja,40.0,Yes,".parquet, .csv, .xlsx, .json, any other easily readable format",.pdf,,1.0,1.0,1.0,,,,1.0,1.0,1.0,,,,1.0,1.0,4.0,4.0,2.0,4.0,2.0,4.0,,,,,,,,,,,,,,7.0,2.0,4.0,ja,36.0,,1.0,,,,Unsupervised  learning,",",ja
71876014,30.06.2020 12:06,30.06.2020 12:21,"Yes, as enrichment of our internal data",I don't know,,,,,,,,,,,,,,,,,,,,,,,,,,,,,,,,,,,,,,,,,,,,,,,,,,,,,,,,,,,,,,,,,,,,,,,,,,,,,,,,,,,,,,,,,,,,,,,,,,,,,,,,,,,,,,,,,,,,,,,,,,,,,,,,,,,,,,,,,,,,,,,,,,,,,,,,,,,,,,,,,,,,,,,,,0.0,0.0,0.0,0.0,0.0,0.0,0.0,0.0,0.0,0.0,,,,,,,,,,,,,,,,,,,,,,,,,,,,,,,,,,,,,,,,,,,,,,,,,,,,,,,,,,,,,,,,,,,,,,,,,
71889480,30.06.2020 17:00,30.06.2020 17:01,I don't know,,,,,,,,,,,,,,,,,,,,,,,,,,,,,,,,,,,,,,,,,,,,,,,,,,,,,,,,,,,,,,,,,,,,,,,,,,,,,,,,,,,,,,,,,,,,,,,,,,,,,,,,,,,,,,,,,,,,,,,,,,,,,,,,,,,,,,,,,,,,,,,,,,,,,,,,,,,,,,,,,,,,,,,,,,0.0,0.0,0.0,0.0,0.0,0.0,0.0,0.0,0.0,0.0,,,,,,,,,,,,,,,,,,,,,,,,,,,,,,,,,,,,,,,,,,,,,,,,,,,,,,,,,,,,,,,,,,,,,,,,,ja
71943457,01.07.2020 15:44,01.07.2020 15:50,"Yes, sometimes as enrichment and sometimes as stand-alone training data",No,Yes,Yes,United Kingdom,,,,,,,,,,,1.0,,,,,,,,,,,,,,1.0,,,,,,,,,,,,,,,,,,,,,,,,,,,,,,,,,,,,,,,,,,,,1.0,,,,,,,,,,,,,,,,,,,,,,,,,,,,,,,,,,,,,,,,,,,,,,,,,,,,,,,,,,,,,,,,,,,,,,,,,,,,,,,,,0.0,0.0,0.0,0.0,1.0,0.0,0.0,0.0,0.0,0.0,0.0,0.0,0.0,0.0,1.0,0.0,,,,,,,,,,1.0,,Yes,,,,,1.0,1.0,1.0,,,,1.0,,,1.0,,,,,,ja,70.0,No,,,,,1.0,1.0,,,,1.0,,,,,,1.0,,3.0,4.0,4.0,5.0,5.0,4.0,,,,,,,,,,,,,,6.0,6.0,5.0,ja,47.0,,,,,own systems,Supervised learning,Yahoo finance () &amp; other finance data,ja
71948587,01.07.2020 17:40,01.07.2020 17:41,"Yes, as enrichment of our internal data",,,,,,,,,,,,,,,,,,,,,,,,,,,,,,,,,,,,,,,,,,,,,,,,,,,,,,,,,,,,,,,,,,,,,,,,,,,,,,,,,,,,,,,,,,,,,,,,,,,,,,,,,,,,,,,,,,,,,,,,,,,,,,,,,,,,,,,,,,,,,,,,,,,,,,,,,,,,,,,,,,,,,,,,,,0.0,0.0,0.0,0.0,0.0,0.0,0.0,0.0,0.0,0.0,,,,,,,,,,,,,,,,,,,,,,,,,,,,,,,,,,,,,,,,,,,,,,,,,,,,,,,,,,,,,,,,,,,,,,,,,
71950009,01.07.2020 18:20,01.07.2020 18:26,"Yes, as enrichment of our internal data",Yes,,,United States,,,,,,,,,,,,,,,,,,,,,,,,,,,,,,,,,,,,,,,,,,,,,,,,,,,,,,,,,,,,,,,,,,,,,,,,,,,,,,,,,,,,,,,,,,,,,,,,,,,,,,,,,,,,,,,,,,,,,,,,,,,,,,,,,,,,,,1.0,,,,,,,,,,,,,,more than 1000,Telecommunications,0.0,0.0,0.0,0.0,0.0,0.0,1.0,0.0,0.0,0.0,0.0,0.0,0.0,0.0,1.0,0.0,1.0,1.0,1.0,1.0,1.0,,1.0,1.0,1.0,1.0,Data Scientist,Yes,,,1.0,1.0,1.0,1.0,,1.0,,,1.0,1.0,1.0,,1.0,1.0,,,,ja,14.0,Yes,"tabular (csv, xlsx), json, jpeg",proprietary formats,,,,1.0,,,,,1.0,,,,,0.0,5.0,5.0,3.0,1.0,4.0,5.0,1.0,,,,,,,,,,,,,,7.0,7.0,0.0,ja,3.0,,1.0,1.0,,"DataRobot, SAS",Supervised learning,Experian ConsumerView (https://www.experian.com/marketing-services/targeting/data-driven-marketing/consumer-view-data),ja
71953135,01.07.2020 19:56,01.07.2020 19:56,I don't know,,,,,,,,,,,,,,,,,,,,,,,,,,,,,,,,,,,,,,,,,,,,,,,,,,,,,,,,,,,,,,,,,,,,,,,,,,,,,,,,,,,,,,,,,,,,,,,,,,,,,,,,,,,,,,,,,,,,,,,,,,,,,,,,,,,,,,,,,,,,,,,,,,,,,,,,,,,,,,,,,,,,,,,,,,0.0,0.0,0.0,0.0,0.0,0.0,0.0,0.0,0.0,0.0,,,,,,,,,,,,,,,,,,,,,,,,,,,,,,,,,,,,,,,,,,,,,,,,,,,,,,,,,,,,,,,,,,,,,,,,,
71957925,01.07.2020 22:05,01.07.2020 22:13,"Yes, as enrichment of our internal data",Yes,,,Germany,,,,,,,,,,,,,,,,,,,,,,,,,,,,,,,,,,,,,,,,,,,1.0,,,,,,,,,,,,,,,,,,,,,,,,,,,,,,,,,,,,,,,,,,,,,,,,,,,,,,,,,,,,,,,,,,,,,,,,,,,,,,,,,,,,,,,,,,,,,,,,,,,,,,,,,more than 1000,Financial Services,0.0,0.0,0.0,0.0,1.0,0.0,0.0,0.0,0.0,0.0,0.0,0.0,0.0,0.0,0.0,0.0,,1.0,,,,,,1.0,,,Managing Director &amp; Member of the Executive Board,Yes,,,,,,,,,1.0,,,,,,1.0,,,,,ja,0.0,Yes,Csv,None,,,,1.0,,,,1.0,1.0,,,,,5.0,2.0,4.0,2.0,1.0,1.0,3.0,3.0,,,,,,,,,,,,,,4.0,7.0,2.0,ja,46.0,,1.0,,,,Supervised learning,"Credit bureaus, specialised Data providers",ja
71965537,02.07.2020 07:18,02.07.2020 07:22,"Yes, as stand-alone training data",Yes,,,Italy,,,,,,,,,,,,,1.0,,,,,,,,,,,,,,,,,,,,,,,,,,,,,,,,,,,,,,,,,,,,,,,,,,,,,,,,,,,,,,,,,,,,,,,,,,,,,,,,,,,,,,,,,,,,,,,,,,,,,,,,,,,,,,,,,,,,,,,,,,,,,,,,,,,,,,,between 250 and 500,Broadcast Media,0.0,0.0,0.0,0.0,0.0,0.0,0.0,0.0,0.0,0.0,1.0,0.0,1.0,0.0,0.0,0.0,1.0,,,,,,,,,,Data scientist,Yes,,,,,,,1.0,1.0,1.0,,,,,,,1.0,,,,ja,68.0,Yes,xlsx,json,,,1.0,,,,,1.0,1.0,,,,,4.0,5.0,4.0,5.0,4.0,4.0,4.0,3.0,,,,5.0,,,,,,,,,,5.0,7.0,6.0,ja,68.0,,1.0,,,,Supervised learning,,
71968529,02.07.2020 09:21,02.07.2020 09:22,"Yes, as stand-alone training data",Yes,,,Gabon,,,,,,,,,,,,,,,,,,,,,,,,,,,,,,,,,,,,,,,,,,,,,,,,,,,,,,,,,,,,,,,,,,,,,,,,,,,,,,,,,,,,,,,,,,,,,,,,,,,,,,,,,,,,,,,,,,,,,,,,,,,,,,,,,,,,,,,,,,,,,,,,,,,,between 500 and 1000,,,,,,,,,,,,,,,,,,0.0,0.0,0.0,0.0,0.0,0.0,0.0,0.0,0.0,0.0,,,,,,,,,,,,,,,,,,,,,,,,,,,,,,,,,,,,,,,,,,,,,,,,,,,,,,,,,,,,,,,,,,,,,,,,,
71971089,02.07.2020 10:26,02.07.2020 10:26,I don't know,,,,,,,,,,,,,,,,,,,,,,,,,,,,,,,,,,,,,,,,,,,,,,,,,,,,,,,,,,,,,,,,,,,,,,,,,,,,,,,,,,,,,,,,,,,,,,,,,,,,,,,,,,,,,,,,,,,,,,,,,,,,,,,,,,,,,,,,,,,,,,,,,,,,,,,,,,,,,,,,,,,,,,,,,,0.0,0.0,0.0,0.0,0.0,0.0,0.0,0.0,0.0,0.0,,,,,,,,,,,,,,,,,,,,,,,,,,,,,,,,,,,,,,,,,,,,,,,,,,,,,,,,,,,,,,,,,,,,,,,,,
71971756,02.07.2020 10:42,02.07.2020 10:42,I don't know,,,,,,,,,,,,,,,,,,,,,,,,,,,,,,,,,,,,,,,,,,,,,,,,,,,,,,,,,,,,,,,,,,,,,,,,,,,,,,,,,,,,,,,,,,,,,,,,,,,,,,,,,,,,,,,,,,,,,,,,,,,,,,,,,,,,,,,,,,,,,,,,,,,,,,,,,,,,,,,,,,,,,,,,,,0.0,0.0,0.0,0.0,0.0,0.0,0.0,0.0,0.0,0.0,,,,,,,,,,,,,,,,,,,,,,,,,,,,,,,,,,,,,,,,,,,,,,,,,,,,,,,,,,,,,,,,,,,,,,,,,ja
71986500,02.07.2020 15:24,02.07.2020 15:33,"Yes, sometimes as enrichment and sometimes as stand-alone training data",Yes,,,United Kingdom,,,,,,,,,,,,,,,,,,,,,,,,,,,,,,,,,,,,,,,,,,,,,,,,,,,,,,,,,,,,,,,,,,,,,,,,,,,,,,,,,,,,,,,,,,,,,,,,,,,,,,,,,,,,,,,,,,,,,,,,,,,,1.0,,,,,,,,,,,,,,,,,,,,,,,,between 50 and 250,Research,0.0,0.0,0.0,1.0,0.0,0.0,1.0,0.0,0.0,0.0,0.0,0.0,0.0,0.0,0.0,0.0,,,,,,,,1.0,,,Phd student,I don't know,,,,,,,,,,,,,,,,,,,,ja,83.0,Yes,".pkl, .json, .csv, .xlsx, .txt",".pdf, .docx",,1.0,1.0,1.0,,,,1.0,,1.0,,,,0.0,0.0,0.0,0.0,0.0,,5.0,,,,,,5.0,5.0,,,,,,,,7.0,2.0,7.0,ja,53.0,,1.0,,,,Supervised learning,"news-data, social media data, central bank communication data, financial data,",ja
71989447,02.07.2020 16:24,02.07.2020 16:24,"Yes, as enrichment of our internal data",Yes,,,,,,,,,,,,,,,,,,,,,,,,,,,,,,,,,,,,,,,,,,,,,,,,,,,,,,,,,,,,,,,,,,,,,,,,,,,,,,,,,,,,,,,,,,,,,,,,,,,,,,,,,,,,,,,,,,,,,,,,,,,,,,,,,,,,,,,,,,,,,,,,,,,,,,,,,,,,,,,,,,,,,,,,,0.0,0.0,0.0,0.0,0.0,0.0,0.0,0.0,0.0,0.0,,,,,,,,,,,,,,,,,,,,,,,,,,,,,,,,,,,,,,,,,,,,,,,,,,,,,,,,,,,,,,,,,,,,,,,,,
72071205,04.07.2020 20:31,04.07.2020 20:32,No,,,,,,,,,,,,,,,,,,,,,,,,,,,,,,,,,,,,,,,,,,,,,,,,,,,,,,,,,,,,,,,,,,,,,,,,,,,,,,,,,,,,,,,,,,,,,,,,,,,,,,,,,,,,,,,,,,,,,,,,,,,,,,,,,,,,,,,,,,,,,,,,,,,,,,,,,,,,,,,,,,,,,,,,,,0.0,0.0,0.0,0.0,0.0,0.0,0.0,0.0,0.0,0.0,,,,,,,,,,,,,,,,,,,,,,,,,,,,,,,,,,,,,,,,,,,,,,,,,,,,,,,,,,,,,,,,,,,,,,,,,ja
72083818,05.07.2020 14:23,05.07.2020 14:29,"Yes, as enrichment of our internal data",Yes,,,India,,,,,,,,,,,,,,,,,,,,,,,,,,,,,,,,,,,,,,,,,,,,,,,,,,,,,,,,,,,,,,,,,1.0,,,,,,,,,,,,,,,,,,,,,,,,,,,,,,,,,,,,,,,,,,,,,,,,,,,,,,,,,,,,,,,,,,,,,,,,,,,,,,,,,,,more than 1000,Insurance,0.0,0.0,0.0,0.0,1.0,0.0,0.0,0.0,0.0,0.0,0.0,0.0,0.0,0.0,0.0,0.0,1.0,1.0,1.0,1.0,1.0,,,,,1.0,Analyst,Yes,,1.0,1.0,1.0,1.0,,1.0,1.0,1.0,1.0,1.0,1.0,1.0,,,1.0,,,,ja,68.0,Yes,".csv,.xlsx,.txt,.json",.nc,,1.0,1.0,1.0,,,,1.0,1.0,1.0,,,,2.0,4.0,4.0,5.0,5.0,4.0,5.0,5.0,,,,,,,,,,,,,,5.0,7.0,5.0,ja,29.0,,1.0,,,,Supervised learning,data from office open data portals of goverments,ja
72091050,05.07.2020 19:57,05.07.2020 19:59,"Yes, as enrichment of our internal data",Yes,,,,,,,,,,,,,,,,,,,,,,,,,,,,,,,,,,,,,,,,,,,,,,,,,,,,,,,,,,,,,,,,,,,,,,,,,,,,,,,,,,,,,,,,,,,,,,,,,,,,,,,,,,,,,,,,,,,,,,,,,,,,,,,,,,,,,,,,,,,,,,,,,,,,,,,,,,,,,,,,,,,,,,,,,0.0,0.0,0.0,0.0,0.0,0.0,0.0,0.0,0.0,0.0,,,,,,,,,,,,,,,,,,,,,,,,,,,,,,,,,,,,,,,,,,,,,,,,,,,,,,,,,,,,,,,,,,,,,,,,,
72121747,06.07.2020 15:19,06.07.2020 15:24,"Yes, sometimes as enrichment and sometimes as stand-alone training data",Yes,,,Germany,,,,,,,,,,,,,,,,,,,,,,,,,,,,,,,,,,,,,,,,,,,,,,,,,,,,,,,,,,,,,,,,1.0,,,,,,,,,,,,,,,,,,,,,,,,,,,,,,,,,,,,,,,,,,,,,,,,,,,,,,,,,,,,,,,,,,,,,,,,,,,,,,,,,,,,less than 10,Information Technology and Services,0.0,0.0,0.0,0.0,0.0,0.0,0.0,0.0,0.0,0.0,0.0,0.0,0.0,0.0,1.0,0.0,1.0,1.0,1.0,1.0,1.0,1.0,1.0,1.0,1.0,1.0,,No,,,,,,,,,,,,,,,,,,,Looking up on google or asking in communities or network.,ja,52.0,No,,,,,,,,,,,,,,,,,,,,,,,,,,,,,,,,,,,,,,,,,,,,,,,,,
72205603,08.07.2020 09:39,08.07.2020 11:00,No,,,,,,,,,,,,,,,,,,,,,,,,,,,,,,,,,,,,,,,,,,,,,,,,,,,,,,,,,,,,,,,,,,,,,,,,,,,,,,,,,,,,,,,,,,,,,,,,,,,,,,,,,,,,,,,,,,,,,,,,,,,,,,,,,,,,,,,,,,,,,,,,,,,,,,,,,,,,,,,,,,,,,,,,,,0.0,0.0,0.0,0.0,0.0,0.0,0.0,0.0,0.0,0.0,,,,,,,,,,,,,,,,,,,,,,,,,,,,,,,,,,,,,,,,,,,,,,,,,,,,,,,,,,,,,,,,,,,,,,,,,ja
72216995,08.07.2020 15:24,09.07.2020 14:53,"Yes, sometimes as enrichment and sometimes as stand-alone training data",Yes,,,Ukraine,,,,,,,,,,,,,,,,,,,,,,,,,,,,,,,,,,,,1.0,,,,,,,,,,,,,,,,,,,,,,,,,,,,,,,,,,,,,,,,,,,,,,,,,,,,,,,,,,,,,,,,,,,,,,,,,,,,,,,,,,,,,,,,,,,,,,,,,,,,,,,,,,,,,,,,more than 1000,Electrical/Electronic Manufacturing,0.0,0.0,0.0,0.0,0.0,1.0,0.0,0.0,0.0,1.0,0.0,0.0,0.0,0.0,0.0,0.0,,1.0,,,,,,,,1.0,Big data engineer,No,,,,,,,,,,,,,,,,,,,,ja,0.0,Yes,"parquet, csv",xlsx,,1.0,,1.0,,,,1.0,1.0,1.0,,,,1.0,5.0,1.0,1.0,5.0,1.0,1.0,1.0,,,,,,,1.0,,,,,,,5.0,7.0,6.0,ja,0.0,,1.0,,,,Supervised learning,-,ja
72251398,09.07.2020 11:57,09.07.2020 13:11,No,,,,,,,,,,,,,,,,,,,,,,,,,,,,,,,,,,,,,,,,,,,,,,,,,,,,,,,,,,,,,,,,,,,,,,,,,,,,,,,,,,,,,,,,,,,,,,,,,,,,,,,,,,,,,,,,,,,,,,,,,,,,,,,,,,,,,,,,,,,,,,,,,,,,,,,,,,,,,,,,,,,,,,,,,,0.0,0.0,0.0,0.0,0.0,0.0,0.0,0.0,0.0,0.0,,,,,,,,,,,,,,,,,,,,,,,,,,,,,,,,,,,,,,,,,,,,,,,,,,,,,,,,,,,,,,,,,,,,,,,,,ja
72274795,10.07.2020 00:16,10.07.2020 00:24,"Yes, as stand-alone training data",No,Yes,No,,,,,,,,,,,,,,,,,,,,,,,,,,,,,,,,,,,,,,,,,,,,,,,,,,,,,,,,,,,,,,,,,,,,,,,,,,,,,,,,,,,,,,,,,,,,,,,,,,,,,,,,,,,,,,,,,,,,,,,,,,,,,,,,,,,,,,,,,,,,,,,,,,,,,,,,,,,,,,,,,,,,,,,0.0,0.0,0.0,0.0,0.0,0.0,0.0,0.0,0.0,0.0,,No,,,,,,,,,,,,,,,,,,,Whatever data is available driven by interest in a particular subject.,,,I don't know,,,,1.0,,,,,,1.0,,,,,,1.0,4.0,1.0,5.0,1.0,5.0,5.0,3.0,,,,,,,,,,,,,,6.0,0.0,4.0,,,,,,,"pandas,  SAS",Supervised learning,Usually it is healthcare data that is covered by HIPPA regulations,ja
72278690,10.07.2020 06:29,10.07.2020 06:30,No,,,,,,,,,,,,,,,,,,,,,,,,,,,,,,,,,,,,,,,,,,,,,,,,,,,,,,,,,,,,,,,,,,,,,,,,,,,,,,,,,,,,,,,,,,,,,,,,,,,,,,,,,,,,,,,,,,,,,,,,,,,,,,,,,,,,,,,,,,,,,,,,,,,,,,,,,,,,,,,,,,,,,,,,,,0.0,0.0,0.0,0.0,0.0,0.0,0.0,0.0,0.0,0.0,,,,,,,,,,,,,,,,,,,,,,,,,,,,,,,,,,,,,,,,,,,,,,,,,,,,,,,,,,,,,,,,,,,,,,,,,
72307056,11.07.2020 00:22,11.07.2020 00:24,"Yes, sometimes as enrichment and sometimes as stand-alone training data",Yes,,,United States,,,,,,,,,,,,,,,,,,,,,,,,,,,,,,,,,,,,,,,,,,,,,,,,,,,,,,,,,,,,,,,,,,,,,,,,,,,,,,,,,,,,,,,,,,,,,,,,,,,,,,,,,,,,,,,,,,,,,,,,,,,,1.0,,,,,,,,,,,,,,,,,,,,,,,,between 10 and 50,Research,0.0,0.0,0.0,1.0,0.0,0.0,1.0,0.0,0.0,0.0,0.0,0.0,0.0,0.0,0.0,0.0,,1.0,,,,,,1.0,,1.0,Principal Investigator,Yes,,1.0,1.0,1.0,1.0,1.0,1.0,,1.0,1.0,1.0,1.0,1.0,1.0,1.0,1.0,,,,ja,,No,,,,,1.0,,,,,1.0,,,,,,4.0,4.0,4.0,4.0,4.0,4.0,4.0,4.0,,,,,,,,,,,,,,6.0,5.0,5.0,nein,,,,,,,,,
72321312,11.07.2020 19:00,11.07.2020 19:07,"Yes, as stand-alone training data",Yes,,,Denmark,,,,,,,,,,,,,,,,,,,,,,,,,,,,,,,,,,,,,,,,,,,,,,,,,,,,,,,,,,,,,,,,,,,,,,,,,,,,,,,,,,,,,,,,,,,,,,,,,,,,,,,,,,,,,,,,,,,,,,,,,,,,1.0,,,,,,,,,,,,,,,,,,,,,,,,between 500 and 1000,Research,0.0,0.0,0.0,1.0,0.0,0.0,1.0,0.0,0.0,0.0,0.0,0.0,0.0,0.0,0.0,0.0,,,,,,,,1.0,,,Research Assistant,Yes,,1.0,1.0,1.0,1.0,,,1.0,,,1.0,1.0,,,,,,,,ja,0.0,No,,,,1.0,1.0,1.0,,,,1.0,1.0,1.0,,,,5.0,5.0,3.0,5.0,5.0,5.0,5.0,5.0,,,,,,,,,,,,,,6.0,6.0,6.0,ja,17.0,,1.0,,,,Supervised learning,Acuris,ja
72359551,13.07.2020 11:15,13.07.2020 11:15,No,,,,,,,,,,,,,,,,,,,,,,,,,,,,,,,,,,,,,,,,,,,,,,,,,,,,,,,,,,,,,,,,,,,,,,,,,,,,,,,,,,,,,,,,,,,,,,,,,,,,,,,,,,,,,,,,,,,,,,,,,,,,,,,,,,,,,,,,,,,,,,,,,,,,,,,,,,,,,,,,,,,,,,,,,,0.0,0.0,0.0,0.0,0.0,0.0,0.0,0.0,0.0,0.0,,,,,,,,,,,,,,,,,,,,,,,,,,,,,,,,,,,,,,,,,,,,,,,,,,,,,,,,,,,,,,,,,,,,,,,,,
72364306,13.07.2020 12:55,13.07.2020 12:55,"Yes, as enrichment of our internal data",Yes,,,,,,,,,,,,,,,,,,,,,,,,,,,,,,,,,,,,,,,,,,,,,,,,,,,,,,,,,,,,,,,,,,,,,,,,,,,,,,,,,,,,,,,,,,,,,,,,,,,,,,,,,,,,,,,,,,,,,,,,,,,,,,,,,,,,,,,,,,,,,,,,,,,,,,,,,,,,,,,,,,,,,,,,,0.0,0.0,0.0,0.0,0.0,0.0,0.0,0.0,0.0,0.0,,,,,,,,,,,,,,,,,,,,,,,,,,,,,,,,,,,,,,,,,,,,,,,,,,,,,,,,,,,,,,,,,,,,,,,,,
72364349,13.07.2020 12:55,13.07.2020 12:56,"Yes, as enrichment of our internal data",,,,,,,,,,,,,,,,,,,,,,,,,,,,,,,,,,,,,,,,,,,,,,,,,,,,,,,,,,,,,,,,,,,,,,,,,,,,,,,,,,,,,,,,,,,,,,,,,,,,,,,,,,,,,,,,,,,,,,,,,,,,,,,,,,,,,,,,,,,,,,,,,,,,,,,,,,,,,,,,,,,,,,,,,,0.0,0.0,0.0,0.0,0.0,0.0,0.0,0.0,0.0,0.0,,,,,,,,,,,,,,,,,,,,,,,,,,,,,,,,,,,,,,,,,,,,,,,,,,,,,,,,,,,,,,,,,,,,,,,,,
72370521,13.07.2020 14:37,13.07.2020 14:48,"Yes, sometimes as enrichment and sometimes as stand-alone training data",Yes,,,Germany,,,,,,,,,,,,,,,,,,,,,,,,,1.0,,,,,,,,,,,,,,,,,,,,,,,,,,,,,,,,,,,,,,,,,,,,,,,,,,,,,,,,,,,,,,,,,,,,,,,,,,,,,,,,,,,,,,,,,,,,,,,,,,,,,,,,,,,,,,,,,,,,,,,,,,,between 50 and 250,Computer Software,0.0,0.0,0.0,0.0,0.0,0.0,0.0,0.0,0.0,0.0,0.0,0.0,0.0,0.0,1.0,0.0,,1.0,,1.0,,,,1.0,,1.0,Head of Research,Yes,,1.0,1.0,1.0,1.0,1.0,1.0,1.0,1.0,,1.0,1.0,1.0,1.0,1.0,1.0,,,,ja,36.0,Yes,"SQL Databases, NoSQL Databases, Excel Sheets, CSV Files, XML Files, Text Documents, XML Files, Web Pages, Image Files, Audio Files",Video,,1.0,1.0,1.0,1.0,,,1.0,,,,,,5.0,5.0,5.0,3.0,2.0,4.0,5.0,3.0,,,,,,,,4.0,,,,,,7.0,7.0,6.0,ja,18.0,,1.0,1.0,,RapidMiner,Supervised learning,"Stock Market Data, Social Media Data, Wikipedia, Online News, Medical Data, Economic Data, Weather Data",ja
72371830,13.07.2020 15:01,13.07.2020 15:01,No,,,,,,,,,,,,,,,,,,,,,,,,,,,,,,,,,,,,,,,,,,,,,,,,,,,,,,,,,,,,,,,,,,,,,,,,,,,,,,,,,,,,,,,,,,,,,,,,,,,,,,,,,,,,,,,,,,,,,,,,,,,,,,,,,,,,,,,,,,,,,,,,,,,,,,,,,,,,,,,,,,,,,,,,,,0.0,0.0,0.0,0.0,0.0,0.0,0.0,0.0,0.0,0.0,,,,,,,,,,,,,,,,,,,,,,,,,,,,,,,,,,,,,,,,,,,,,,,,,,,,,,,,,,,,,,,,,,,,,,,,,ja
72375324,13.07.2020 16:19,13.07.2020 16:32,"Yes, sometimes as enrichment and sometimes as stand-alone training data",Yes,,,,,,,,,,,,,,,,,,,,,,,,,,,,,,,,,,,,,,,,,,,,,,,,,,,,,,,,,,,,,,,,,,,,,,,,,,,,,,,,,,,,,,,,,,,,,,,,,,,,,,,,,,,,,,,,,,,,,,,,,,,,,,,,,,,,,,,,,,,,,,,,,,,,,,,,,,,,,,,,,,,,,,,,,0.0,0.0,0.0,0.0,0.0,0.0,0.0,0.0,0.0,0.0,,,,,,,,,,,,,,,,,,,,,,,,,,,,,,,,,,,,,,,,,,,,,,,,,,,,,,,,,,,,,,,,,,,,,,,,,
72383372,13.07.2020 19:24,13.07.2020 19:26,No,,,,,,,,,,,,,,,,,,,,,,,,,,,,,,,,,,,,,,,,,,,,,,,,,,,,,,,,,,,,,,,,,,,,,,,,,,,,,,,,,,,,,,,,,,,,,,,,,,,,,,,,,,,,,,,,,,,,,,,,,,,,,,,,,,,,,,,,,,,,,,,,,,,,,,,,,,,,,,,,,,,,,,,,,,0.0,0.0,0.0,0.0,0.0,0.0,0.0,0.0,0.0,0.0,,,,,,,,,,,,,,,,,,,,,,,,,,,,,,,,,,,,,,,,,,,,,,,,,,,,,,,,,,,,,,,,,,,,,,,,,ja
72384274,13.07.2020 19:42,13.07.2020 19:43,"Yes, as enrichment of our internal data",Yes,,,,,,,,,,,,,,,,,,,,,,,,,,,,,,,,,,,,,,,,,,,,,,,,,,,,,,,,,,,,,,,,,,,,,,,,,,,,,,,,,,,,,,,,,,,,,,,,,,,,,,,,,,,,,,,,,,,,,,,,,,,,,,,,,,,,,,,,,,,,,,,,,,,,,,,,,,,,,,,,,,,,,,,,,0.0,0.0,0.0,0.0,0.0,0.0,0.0,0.0,0.0,0.0,,,,,,,,,,,,,,,,,,,,,,,,,,,,,,,,,,,,,,,,,,,,,,,,,,,,,,,,,,,,,,,,,,,,,,,,,
72384834,13.07.2020 19:55,13.07.2020 19:55,I don't know,,,,,,,,,,,,,,,,,,,,,,,,,,,,,,,,,,,,,,,,,,,,,,,,,,,,,,,,,,,,,,,,,,,,,,,,,,,,,,,,,,,,,,,,,,,,,,,,,,,,,,,,,,,,,,,,,,,,,,,,,,,,,,,,,,,,,,,,,,,,,,,,,,,,,,,,,,,,,,,,,,,,,,,,,,0.0,0.0,0.0,0.0,0.0,0.0,0.0,0.0,0.0,0.0,,,,,,,,,,,,,,,,,,,,,,,,,,,,,,,,,,,,,,,,,,,,,,,,,,,,,,,,,,,,,,,,,,,,,,,,,nein
72386547,13.07.2020 20:38,13.07.2020 20:38,No,,,,,,,,,,,,,,,,,,,,,,,,,,,,,,,,,,,,,,,,,,,,,,,,,,,,,,,,,,,,,,,,,,,,,,,,,,,,,,,,,,,,,,,,,,,,,,,,,,,,,,,,,,,,,,,,,,,,,,,,,,,,,,,,,,,,,,,,,,,,,,,,,,,,,,,,,,,,,,,,,,,,,,,,,,0.0,0.0,0.0,0.0,0.0,0.0,0.0,0.0,0.0,0.0,,,,,,,,,,,,,,,,,,,,,,,,,,,,,,,,,,,,,,,,,,,,,,,,,,,,,,,,,,,,,,,,,,,,,,,,,ja
72391711,13.07.2020 22:46,13.07.2020 22:46,I don't know,,,,,,,,,,,,,,,,,,,,,,,,,,,,,,,,,,,,,,,,,,,,,,,,,,,,,,,,,,,,,,,,,,,,,,,,,,,,,,,,,,,,,,,,,,,,,,,,,,,,,,,,,,,,,,,,,,,,,,,,,,,,,,,,,,,,,,,,,,,,,,,,,,,,,,,,,,,,,,,,,,,,,,,,,,0.0,0.0,0.0,0.0,0.0,0.0,0.0,0.0,0.0,0.0,,,,,,,,,,,,,,,,,,,,,,,,,,,,,,,,,,,,,,,,,,,,,,,,,,,,,,,,,,,,,,,,,,,,,,,,,nein
72396753,14.07.2020 02:04,14.07.2020 02:05,"Yes, sometimes as enrichment and sometimes as stand-alone training data",Yes,,,,,,,,,,,,,,,,,,,,,,,,,,,,,,,,,,,,,,,,,,,,,,,,,,,,,,,,,,,,,,,,,,,,,,,,,,,,,,,,,,,,,,,,,,,,,,,,,,,,,,,,,,,,,,,,,,,,,,,,,,,,,,,,,,,,,,,,,,,,,,,,,,,,,,,,,,,,,,,,,,,,,,,,,0.0,0.0,0.0,0.0,0.0,0.0,0.0,0.0,0.0,0.0,,,,,,,,,,,,,,,,,,,,,,,,,,,,,,,,,,,,,,,,,,,,,,,,,,,,,,,,,,,,,,,,,,,,,,,,,
72397993,14.07.2020 02:54,14.07.2020 02:55,"Yes, as enrichment of our internal data",No,No,,,,,,,,,,,,,,,,,,,,,,,,,,,,,,,,,,,,,,,,,,,,,,,,,,,,,,,,,,,,,,,,,,,,,,,,,,,,,,,,,,,,,,,,,,,,,,,,,,,,,,,,,,,,,,,,,,,,,,,,,,,,,,,,,,,,,,,,,,,,,,,,,,,,,,,,,,,,,,,,,,,,,,,,0.0,0.0,0.0,0.0,0.0,0.0,0.0,0.0,0.0,0.0,,,,,,,,,,,,,,,,,,,,,,,,,,,,,,,,,,,,,,,,,,,,,,,,,,,,,,,,,,,,,,,,,,,,,,,,,ja
72402823,14.07.2020 08:11,14.07.2020 08:19,"Yes, as stand-alone training data",No,Yes,Yes,Australia,,,,,,,,,,,,,,,,,,,,,,,,,,,,,,,,,,,,,1.0,,,,,,,,,,,,,,,,,,,,,,,,,,,,,,,,,,,,,,,,,,,,,,,,,,,,,,,,,,,,,,,,,,,,,,,,,,,,,,,,,,,,,,,,,,,,,,,,,,,,,,,,,,,,,,,,,0.0,0.0,0.0,0.0,0.0,0.0,0.0,0.0,0.0,0.0,1.0,0.0,1.0,0.0,0.0,0.0,,,,,,,,1.0,,,,Yes,,,,,1.0,,,,,,,,,,,,,,,ja,89.0,No,*.m,,,,1.0,,1.0,,,1.0,,,,,,1.0,1.0,1.0,0.0,1.0,1.0,1.0,1.0,,,,,,,,,,,,,,6.0,7.0,5.0,ja,83.0,,1.0,,,,Supervised learning,www.youtube.com,ja
72409507,14.07.2020 11:42,14.07.2020 11:43,I don't know,,,,,,,,,,,,,,,,,,,,,,,,,,,,,,,,,,,,,,,,,,,,,,,,,,,,,,,,,,,,,,,,,,,,,,,,,,,,,,,,,,,,,,,,,,,,,,,,,,,,,,,,,,,,,,,,,,,,,,,,,,,,,,,,,,,,,,,,,,,,,,,,,,,,,,,,,,,,,,,,,,,,,,,,,,0.0,0.0,0.0,0.0,0.0,0.0,0.0,0.0,0.0,0.0,,,,,,,,,,,,,,,,,,,,,,,,,,,,,,,,,,,,,,,,,,,,,,,,,,,,,,,,,,,,,,,,,,,,,,,,,
72418390,14.07.2020 14:49,14.07.2020 14:49,"Yes, as enrichment of our internal data",No,,,,,,,,,,,,,,,,,,,,,,,,,,,,,,,,,,,,,,,,,,,,,,,,,,,,,,,,,,,,,,,,,,,,,,,,,,,,,,,,,,,,,,,,,,,,,,,,,,,,,,,,,,,,,,,,,,,,,,,,,,,,,,,,,,,,,,,,,,,,,,,,,,,,,,,,,,,,,,,,,,,,,,,,,0.0,0.0,0.0,0.0,0.0,0.0,0.0,0.0,0.0,0.0,,,,,,,,,,,,,,,,,,,,,,,,,,,,,,,,,,,,,,,,,,,,,,,,,,,,,,,,,,,,,,,,,,,,,,,,,
72426790,14.07.2020 18:13,14.07.2020 18:14,"Yes, as enrichment of our internal data",Yes,,,United States,,,,,,,,,,,,,,,,,,,,,,,,,,,,,,,,,,,,,,,,,,,,,,,,,,,,,,,,,,,,,,,,,,,,,,,,,,,,,,,,,,,,,,,,,,,,,,,,,,,,,,,,,,,,,,,,,,,,,,,,,,,,,,,,,,,,,,1.0,,,,,,,,,,,,,,more than 1000,Telecommunications,0.0,0.0,0.0,0.0,0.0,0.0,1.0,0.0,0.0,0.0,0.0,0.0,0.0,0.0,1.0,0.0,0.0,0.0,0.0,0.0,0.0,0.0,0.0,0.0,0.0,0.0,Sr director of data science,,,,,,,,,,,,,,,,,,,,,,,,,,,,,,,,,,,,,,,,,,,,,,,,,,,,,,,,,,,,,,,,,,,,,,,,
72429448,14.07.2020 19:28,14.07.2020 19:28,"Yes, as enrichment of our internal data",Yes,,,,,,,,,,,,,,,,,,,,,,,,,,,,,,,,,,,,,,,,,,,,,,,,,,,,,,,,,,,,,,,,,,,,,,,,,,,,,,,,,,,,,,,,,,,,,,,,,,,,,,,,,,,,,,,,,,,,,,,,,,,,,,,,,,,,,,,,,,,,,,,,,,,,,,,,,,,,,,,,,,,,,,,,,0.0,0.0,0.0,0.0,0.0,0.0,0.0,0.0,0.0,0.0,,,,,,,,,,,,,,,,,,,,,,,,,,,,,,,,,,,,,,,,,,,,,,,,,,,,,,,,,,,,,,,,,,,,,,,,,
72430184,14.07.2020 19:48,14.07.2020 19:48,No,,,,,,,,,,,,,,,,,,,,,,,,,,,,,,,,,,,,,,,,,,,,,,,,,,,,,,,,,,,,,,,,,,,,,,,,,,,,,,,,,,,,,,,,,,,,,,,,,,,,,,,,,,,,,,,,,,,,,,,,,,,,,,,,,,,,,,,,,,,,,,,,,,,,,,,,,,,,,,,,,,,,,,,,,,0.0,0.0,0.0,0.0,0.0,0.0,0.0,0.0,0.0,0.0,,,,,,,,,,,,,,,,,,,,,,,,,,,,,,,,,,,,,,,,,,,,,,,,,,,,,,,,,,,,,,,,,,,,,,,,,ja
72432938,14.07.2020 03:33,14.07.2020 21:06,"Yes, sometimes as enrichment and sometimes as stand-alone training data",Yes,,,United States,,,,,,,,,,,,,,,,,,,,,,,,,1.0,,,,,,,,,,,,,,,,,,,,,,,,,,,,,,,,,,,,,,,,,,,,,,,,,,,,,,,,,,,,,,,,,,,,,,,,,,,,,,,,,,,,,,,,,,,,,,,,,,,,,,,,,,,,,,,,,,,,,,,,,,,more than 1000,Computer Software,0.0,0.0,0.0,0.0,0.0,0.0,0.0,0.0,0.0,0.0,0.0,0.0,0.0,0.0,1.0,0.0,,,,1.0,1.0,,,,,,Customer Success Manager,I don't know,,,,,,,,,,,,,,,,,,,,ja,49.0,Yes,".json, .csv (parquet)",".txt, .csv (tab-delimited)",,1.0,,1.0,,,,1.0,,1.0,,,,2.0,4.0,4.0,1.0,1.0,1.0,4.0,1.0,,,,,,,,,,,,,,4.0,5.0,7.0,ja,8.0,,1.0,,,,Supervised learning,Kaggle,ja
72440787,15.07.2020 04:06,15.07.2020 04:07,"Yes, as enrichment of our internal data",No,No,,,,,,,,,,,,,,,,,,,,,,,,,,,,,,,,,,,,,,,,,,,,,,,,,,,,,,,,,,,,,,,,,,,,,,,,,,,,,,,,,,,,,,,,,,,,,,,,,,,,,,,,,,,,,,,,,,,,,,,,,,,,,,,,,,,,,,,,,,,,,,,,,,,,,,,,,,,,,,,,,,,,,,,,0.0,0.0,0.0,0.0,0.0,0.0,0.0,0.0,0.0,0.0,,,,,,,,,,,,,,,,,,,,,,,,,,,,,,,,,,,,,,,,,,,,,,,,,,,,,,,,,,,,,,,,,,,,,,,,,ja
72442885,15.07.2020 07:47,15.07.2020 07:56,"Yes, sometimes as enrichment and sometimes as stand-alone training data",Yes,,,United States,,,,,,,,,,,,,,,,,,,,,,,,,,,,,,,,,,,,,,,,,,,,,,,,,,,,,,,,,,,,,,,1.0,,,,,,,,,,,,,,,,,,,,,,,,,,,,,,,,,,,,,,,,,,,,,,,,,,,,,,,,,,,,,,,,,,,,,,,,,,,,,,,,,,,,,between 10 and 50,Information Services,0.0,0.0,0.0,0.0,0.0,0.0,0.0,0.0,0.0,0.0,1.0,0.0,0.0,1.0,0.0,0.0,,,,,,,,1.0,,,,Yes,,,,1.0,1.0,,1.0,1.0,1.0,,,1.0,,1.0,,,,,,ja,21.0,Yes,".jpg, .mkv, .png, .csv, .parquet, .pt, .tar",".json, .xlsx, .mat, .h5",,1.0,1.0,1.0,1.0,,,1.0,1.0,1.0,,,,1.0,1.0,2.0,1.0,1.0,1.0,1.0,1.0,,,,,,,,,4.0,,,,,7.0,4.0,4.0,ja,77.0,,1.0,,,,Supervised learning,Kaggle.com,ja
72446803,15.07.2020 10:27,15.07.2020 10:36,"Yes, as enrichment of our internal data",No,Yes,Yes,Germany,,,,,,,,,,,,,,,,,,,,,,,,,,,,,,,,,,,,,,,,,,,,,,,,,,,,,,,,,,,,,,,,,,,,,,,,,,,,,,,,,,,,,,,,,,,,,,,,,,,,,,,,,,,,,,,,,,,,,,,,1.0,,,,,,,,,,,,,,,,,,,,,,,,,,,,,,0.0,1.0,0.0,0.0,1.0,1.0,0.0,0.0,0.0,0.0,0.0,0.0,0.0,0.0,0.0,0.0,,,,,,,,,,,,I don't know,,,,,,,,,,,,,,,,,,,,ja,18.0,Yes,"csv, sql",xlsx,,1.0,1.0,1.0,,,,1.0,,,,,,4.0,5.0,1.0,5.0,5.0,5.0,4.0,1.0,,,,,,,,,,1.0,,,,2.0,7.0,2.0,ja,16.0,,1.0,,,,Supervised learning,",",ja
72467741,15.07.2020 18:56,15.07.2020 18:59,No,,,,,,,,,,,,,,,,,,,,,,,,,,,,,,,,,,,,,,,,,,,,,,,,,,,,,,,,,,,,,,,,,,,,,,,,,,,,,,,,,,,,,,,,,,,,,,,,,,,,,,,,,,,,,,,,,,,,,,,,,,,,,,,,,,,,,,,,,,,,,,,,,,,,,,,,,,,,,,,,,,,,,,,,,,0.0,0.0,0.0,0.0,0.0,0.0,0.0,0.0,0.0,0.0,,,,,,,,,,,,,,,,,,,,,,,,,,,,,,,,,,,,,,,,,,,,,,,,,,,,,,,,,,,,,,,,,,,,,,,,,
72471539,15.07.2020 21:03,15.07.2020 21:06,"Yes, sometimes as enrichment and sometimes as stand-alone training data",Yes,,,Germany,,,,,,,,,,,,,,,,,,,,,,,,,1.0,,,,,,,,,,,,,,,,,,,,,,,,,,,,,,,,,,,,,,,,,,,,,,,,,,,,,,,,,,,,,,,,,,,,,,,,,,,,,,,,,,,,,,,,,,,,,,,,,,,,,,,,,,,,,,,,,,,,,,,,,,,less than 10,Computer Software,0.0,0.0,0.0,0.0,0.0,0.0,0.0,0.0,0.0,0.0,0.0,0.0,0.0,0.0,1.0,0.0,,,,,,,,1.0,,,Data Scientist,I don't know,,,,,,,,,,,,,,,,,,,,ja,85.0,No,,,,1.0,1.0,1.0,,,,1.0,,,,,,2.0,3.0,1.0,5.0,1.0,1.0,4.0,3.0,,,,,,,,,,,,,,5.0,6.0,2.0,ja,59.0,,1.0,,,,Unsupervised  learning,,
72482271,16.07.2020 07:39,16.07.2020 07:41,"Yes, as enrichment of our internal data",Yes,,,New Zealand,1.0,,,,,,,,,,,,,,,,,,,,,,,,,,,,,,,,,,,,,,,,,,,,,,,,,,,,,,,,,,,,,,,,,,,,,,,,,,,,,,,,,,,,,,,,,,,,,,,,,,,,,,,,,,,,,,,,,,,,,,,,,,,,,,,,,,,,,,,,,,,,,,,,,,,less than 10,Accounting,0.0,0.0,1.0,0.0,1.0,0.0,0.0,0.0,0.0,0.0,0.0,0.0,0.0,0.0,0.0,0.0,,,,,,,,,,,Csm,Yes,,,,,,,1.0,,,,,,,,,,1.0,,,nein,,I don't know,,,,,1.0,,,,,,,,1.0,,,3.0,3.0,3.0,3.0,3.0,3.0,3.0,3.0,,,,,,,,,,,1.0,,,,,,,,,,,,,,,
72498748,16.07.2020 14:16,16.07.2020 14:21,"Yes, as enrichment of our internal data",Yes,,,United States,,,,,,,,,,,,,,,,,,,,,,,,,,,,,,,,,,,,,,,,,,,,,,,,,,,,,,,,,,,,,,,,1.0,,,,,,,,,,,,,,,,,,,,,,,,,,,,,,,,,,,,,,,,,,,,,,,,,,,,,,,,,,,,,,,,,,,,,,,,,,,,,,,,,,,,between 10 and 50,Information Technology and Services,0.0,0.0,0.0,0.0,0.0,0.0,0.0,0.0,0.0,0.0,0.0,0.0,0.0,0.0,1.0,0.0,,,,1.0,,,,,,,President,Yes,,1.0,1.0,1.0,1.0,1.0,,1.0,1.0,,1.0,1.0,,1.0,,,,Cost,,ja,14.0,Yes,.csv,,,,1.0,1.0,,,,,1.0,1.0,,,,4.0,3.0,4.0,1.0,1.0,1.0,4.0,1.0,,,,,,,,,,,,,,3.0,6.0,6.0,ja,6.0,,1.0,,,,Supervised learning,quandl,ja
72507903,16.07.2020 18:12,16.07.2020 18:12,"Yes, sometimes as enrichment and sometimes as stand-alone training data",Yes,,,,,,,,,,,,,,,,,,,,,,,,,,,,,,,,,,,,,,,,,,,,,,,,,,,,,,,,,,,,,,,,,,,,,,,,,,,,,,,,,,,,,,,,,,,,,,,,,,,,,,,,,,,,,,,,,,,,,,,,,,,,,,,,,,,,,,,,,,,,,,,,,,,,,,,,,,,,,,,,,,,,,,,,,0.0,0.0,0.0,0.0,0.0,0.0,0.0,0.0,0.0,0.0,,,,,,,,,,,,,,,,,,,,,,,,,,,,,,,,,,,,,,,,,,,,,,,,,,,,,,,,,,,,,,,,,,,,,,,,,
72510783,16.07.2020 19:44,16.07.2020 19:51,"Yes, as enrichment of our internal data",No,Yes,Yes,,,,,,,,,,,,,,,,,,,,,,,,,,,,,,,,,,,,,,,,,,,,,,,,,,,,,,,,,,,,,,,,,,,,,,,,,,,,,,,,,,,,,,,,,,,,,,,,,,,,,,,,,,,,,,,,,,,,,,,,,,,,,,,,,,,,,,,,,,,,,,,,,,,,,,,,,,,,,,,,,,,,,,,0.0,0.0,0.0,0.0,0.0,0.0,0.0,0.0,0.0,0.0,,,,,,,,,,,,,,,,,,,,,,,,,,,,,,,,,,,,,,,,,,,,,,,,,,,,,,,,,,,,,,,,,,,,,,,,,
72525343,17.07.2020 09:42,17.07.2020 09:54,No,,,,,,,,,,,,,,,,,,,,,,,,,,,,,,,,,,,,,,,,,,,,,,,,,,,,,,,,,,,,,,,,,,,,,,,,,,,,,,,,,,,,,,,,,,,,,,,,,,,,,,,,,,,,,,,,,,,,,,,,,,,,,,,,,,,,,,,,,,,,,,,,,,,,,,,,,,,,,,,,,,,,,,,,,,0.0,0.0,0.0,0.0,0.0,0.0,0.0,0.0,0.0,0.0,,,,,,,,,,,,,,,,,,,,,,,,,,,,,,,,,,,,,,,,,,,,,,,,,,,,,,,,,,,,,,,,,,,,,,,,,ja
72526218,17.07.2020 10:30,17.07.2020 11:04,"Yes, as enrichment of our internal data",Yes,,,India,,,,,,,,,,,,,,,,,,,,,,,,,,,,,,,,,,,,,,,,,,,,,,,,,,,,,,,,,,,1.0,,,,,,,,,,,,,,,,,,,,,,,,,,,,,,,,,,,,,,,,,,,,,,,,,,,,,,,,,,,,,,,,,,,,,,,,,,,,,,,,,,,,,,,,,between 500 and 1000,Human Resources,0.0,0.0,1.0,0.0,0.0,0.0,0.0,0.0,0.0,0.0,0.0,0.0,0.0,0.0,0.0,0.0,,,,,1.0,1.0,1.0,1.0,,,Machine Learning Engineer - II,Yes,,,,,,1.0,1.0,,,1.0,1.0,,1.0,,,1.0,,,,ja,,No,,,,1.0,1.0,1.0,,,,1.0,1.0,,,,,4.0,4.0,2.0,1.0,1.0,2.0,2.0,1.0,,,,,,,,,,,,,,4.0,7.0,2.0,ja,69.0,,1.0,,,,Supervised learning,"LinkedIn, ONET, Wikipedia, DBPedia",ja
72538058,17.07.2020 16:16,17.07.2020 16:24,"Yes, as enrichment of our internal data",Yes,,,India,,,,,,,,,,,1.0,,,,,,,,,,,,,,,,,,,,,,,,,,,,,,,,,,,,,,,,,,,,,,,,,,,,,,,,,,,,,,,,,,,,,,,,,,,,,,,,,,,,,,,,,,,,,,,,,,,,,,,,,,,,,,,,,,,,,,,,,,,,,,,,,,,,,,,,,between 250 and 500,Banking,0.0,0.0,0.0,0.0,1.0,0.0,0.0,0.0,0.0,0.0,0.0,0.0,0.0,0.0,0.0,0.0,,,,,,1.0,,1.0,,,Data scientist internship,I don't know,,,,,,,,,,,,,,,,,,,,ja,38.0,Yes,.xlsx,".csv, .xlxs",,,,,1.0,,,,1.0,1.0,,,,3.0,2.0,3.0,2.0,1.0,1.0,4.0,1.0,,,,,,,,,,,,4.0,,,,,,,,,,,,,,
72559406,18.07.2020 16:01,18.07.2020 16:08,"Yes, as enrichment of our internal data",Yes,,,United States,,,,,,,,,,,,,,,,,,,,,,,,,,,,1.0,,,,,,,,,,,,,,,,,,,,,,,,,,,,,,,,,,,,,,,,,,,,,,,,,,,,,,,,,,,,,,,,,,,,,,,,,,,,,,,,,,,,,,,,,,,,,,,,,,,,,,,,,,,,,,,,,,,,,,,,more than 1000,Consumer Goods,0.0,0.0,0.0,0.0,0.0,1.0,0.0,0.0,0.0,1.0,0.0,0.0,0.0,0.0,0.0,0.0,,,,1.0,,,1.0,1.0,,1.0,Director,Yes,,,1.0,,,,,,1.0,1.0,,,,,1.0,,,,,ja,43.0,No,,,,1.0,1.0,1.0,1.0,,,1.0,1.0,1.0,,,,2.0,5.0,5.0,2.0,1.0,3.0,5.0,1.0,,,,,,,,,,,,,,5.0,7.0,4.0,ja,22.0,,1.0,,,,Supervised learning,Alteryx,ja
72569311,19.07.2020 07:30,19.07.2020 07:33,"Yes, sometimes as enrichment and sometimes as stand-alone training data",Yes,,,,,,,,,,,,,,,,,,,,,,,,,,,,,,,,,,,,,,,,,,,,,,,,,,,,,,,,,,,,,,,,,,,,,,,,,,,,,,,,,,,,,,,,,,,,,,,,,,,,,,,,,,,,,,,,,,,,,,,,,,,,,,,,,,,,,,,,,,,,,,,,,,,,,,,,,,,,,,,,,,,,,,,,,0.0,0.0,0.0,0.0,0.0,0.0,0.0,0.0,0.0,0.0,,,,,,,,,,,,,,,,,,,,,,,,,,,,,,,,,,,,,,,,,,,,,,,,,,,,,,,,,,,,,,,,,,,,,,,,,
72574543,19.07.2020 15:54,19.07.2020 16:00,"Yes, as stand-alone training data",No,Yes,Yes,Italy,,1.0,,,,,,,,1.0,1.0,,,,,1.0,,,,,,,,,,,,,,,,1.0,,,,,,,,,,,,,,,,,,,,,,,,,1.0,,,,,,,1.0,,,,,1.0,,,,,,,,,,,,,,,,,,,,,,,,,,,,,,,,,,,,,,,,,,,,,,,,,,,,,,,,,,,,,,,,,,,,,,,,,,,,,,,,,0.0,0.0,0.0,0.0,1.0,0.0,1.0,1.0,0.0,1.0,0.0,0.0,0.0,0.0,1.0,1.0,1.0,1.0,1.0,1.0,1.0,,,1.0,,1.0,,Yes,,,1.0,1.0,,,1.0,1.0,1.0,,,,,1.0,,1.0,,,,ja,,Yes,"Csv, json, yml, xlsx, html",Txt,,1.0,1.0,,1.0,,,1.0,,1.0,,,,4.0,4.0,3.0,5.0,5.0,5.0,4.0,5.0,,,,,,,,,,,,,,7.0,4.0,6.0,ja,,,1.0,1.0,,,Supervised learning,"Kaggle, Github",ja
72575259,19.07.2020 16:44,19.07.2020 16:52,"Yes, sometimes as enrichment and sometimes as stand-alone training data",Yes,,,Mexico,,,,,,,,,,,,,,,,,,,,,,,,,,,,,,,,,,,,,,,,,,,,,,,,,,,,,,,,,,,,,,,,1.0,,,,,,,,,,,,,,,,,,,,,,,,,,,,,,,,,,,,,,,,,,,,,,,,,,,,,,,,,,,,,,,,,,,,,,,,,,,,,,,,,,,,more than 1000,Information Technology and Services,0.0,0.0,0.0,0.0,0.0,0.0,0.0,0.0,0.0,0.0,0.0,0.0,0.0,0.0,1.0,0.0,,,,,,,,1.0,,1.0,Sr. Machine Learning Engineer,Yes,,,1.0,1.0,1.0,,,,1.0,,,,,1.0,,,,,,ja,18.0,Yes,"Csv, json",Xlsx,,1.0,1.0,1.0,,,,1.0,,,,,,3.0,3.0,2.0,1.0,1.0,1.0,3.0,0.0,,,,,,,,,,,,,,5.0,3.0,6.0,ja,16.0,,1.0,,,,Supervised learning,(),ja
72575301,19.07.2020 16:48,19.07.2020 16:48,No,,,,,,,,,,,,,,,,,,,,,,,,,,,,,,,,,,,,,,,,,,,,,,,,,,,,,,,,,,,,,,,,,,,,,,,,,,,,,,,,,,,,,,,,,,,,,,,,,,,,,,,,,,,,,,,,,,,,,,,,,,,,,,,,,,,,,,,,,,,,,,,,,,,,,,,,,,,,,,,,,,,,,,,,,,0.0,0.0,0.0,0.0,0.0,0.0,0.0,0.0,0.0,0.0,,,,,,,,,,,,,,,,,,,,,,,,,,,,,,,,,,,,,,,,,,,,,,,,,,,,,,,,,,,,,,,,,,,,,,,,,
72575507,19.07.2020 00:11,19.07.2020 17:10,"Yes, as enrichment of our internal data",Yes,,,Ukraine,,,,,,,,,,,,,,,,,,,,,,,,,1.0,,,,,,,,,,,,,,,,,,,,,,,,,,,,,,,,,,,,,,,,,,,,,,,,,,,,,,,,,,,,,,,,,,,,,,,,,,,,,,,,,,,,,,,,,,,,,,,,,,,,,,,,,,,,,,,,,,,,,,,,,,,between 50 and 250,Computer Software,0.0,0.0,0.0,0.0,0.0,0.0,0.0,0.0,0.0,0.0,0.0,0.0,0.0,0.0,1.0,0.0,1.0,1.0,1.0,1.0,1.0,1.0,1.0,1.0,1.0,1.0,Director of AI,Yes,,,1.0,1.0,1.0,1.0,1.0,1.0,1.0,,1.0,1.0,1.0,1.0,1.0,1.0,,,,ja,36.0,No,,,,1.0,,1.0,,,,1.0,1.0,1.0,,,,3.0,3.0,3.0,3.0,3.0,3.0,3.0,3.0,,,,,,,,,,,,,,5.0,6.0,6.0,ja,66.0,,1.0,,,,Supervised learning,http://www.image-net.org/,ja
72576595,19.07.2020 18:20,19.07.2020 18:20,"Yes, sometimes as enrichment and sometimes as stand-alone training data",No,No,,,,,,,,,,,,,,,,,,,,,,,,,,,,,,,,,,,,,,,,,,,,,,,,,,,,,,,,,,,,,,,,,,,,,,,,,,,,,,,,,,,,,,,,,,,,,,,,,,,,,,,,,,,,,,,,,,,,,,,,,,,,,,,,,,,,,,,,,,,,,,,,,,,,,,,,,,,,,,,,,,,,,,,,0.0,0.0,0.0,0.0,0.0,0.0,0.0,0.0,0.0,0.0,,,,,,,,,,,,,,,,,,,,,,,,,,,,,,,,,,,,,,,,,,,,,,,,,,,,,,,,,,,,,,,,,,,,,,,,,
72578098,19.07.2020 19:59,19.07.2020 20:00,No,,,,,,,,,,,,,,,,,,,,,,,,,,,,,,,,,,,,,,,,,,,,,,,,,,,,,,,,,,,,,,,,,,,,,,,,,,,,,,,,,,,,,,,,,,,,,,,,,,,,,,,,,,,,,,,,,,,,,,,,,,,,,,,,,,,,,,,,,,,,,,,,,,,,,,,,,,,,,,,,,,,,,,,,,,0.0,0.0,0.0,0.0,0.0,0.0,0.0,0.0,0.0,0.0,,,,,,,,,,,,,,,,,,,,,,,,,,,,,,,,,,,,,,,,,,,,,,,,,,,,,,,,,,,,,,,,,,,,,,,,,ja
72583290,20.07.2020 03:26,20.07.2020 03:36,No,,,,,,,,,,,,,,,,,,,,,,,,,,,,,,,,,,,,,,,,,,,,,,,,,,,,,,,,,,,,,,,,,,,,,,,,,,,,,,,,,,,,,,,,,,,,,,,,,,,,,,,,,,,,,,,,,,,,,,,,,,,,,,,,,,,,,,,,,,,,,,,,,,,,,,,,,,,,,,,,,,,,,,,,,,0.0,0.0,0.0,0.0,0.0,0.0,0.0,0.0,0.0,0.0,,,,,,,,,,,,,,,,,,,,,,,,,,,,,,,,,,,,,,,,,,,,,,,,,,,,,,,,,,,,,,,,,,,,,,,,,ja
72584833,20.07.2020 06:55,20.07.2020 07:00,"Yes, as stand-alone training data",No,Yes,No,,,,,,,,,,,,,,,,,,,,,,,,,,,,,,,,,,,,,,,,,,,,,,,,,,,,,,,,,,,,,,,,,,,,,,,,,,,,,,,,,,,,,,,,,,,,,,,,,,,,,,,,,,,,,,,,,,,,,,,,,,,,,,,,,,,,,,,,,,,,,,,,,,,,,,,,,,,,,,,,,,,,,,,0.0,0.0,0.0,0.0,0.0,0.0,0.0,0.0,0.0,0.0,,Yes,,1.0,,1.0,,,,,,,,,,,,,,,,,,,,,,,,,,,,,,,,,,3.0,3.0,3.0,3.0,3.0,3.0,3.0,3.0,,,,,,,,,,,,,,,,,,,,,,,,,,ja
72597960,20.07.2020 14:25,20.07.2020 14:26,No,,,,,,,,,,,,,,,,,,,,,,,,,,,,,,,,,,,,,,,,,,,,,,,,,,,,,,,,,,,,,,,,,,,,,,,,,,,,,,,,,,,,,,,,,,,,,,,,,,,,,,,,,,,,,,,,,,,,,,,,,,,,,,,,,,,,,,,,,,,,,,,,,,,,,,,,,,,,,,,,,,,,,,,,,,0.0,0.0,0.0,0.0,0.0,0.0,0.0,0.0,0.0,0.0,,,,,,,,,,,,,,,,,,,,,,,,,,,,,,,,,,,,,,,,,,,,,,,,,,,,,,,,,,,,,,,,,,,,,,,,,ja
72609480,20.07.2020 20:50,20.07.2020 20:58,"Yes, as stand-alone training data",Yes,,,Germany,,,,,,,,,,,,,,,,,,,,,,,,,,,,,,,,,,,,,,,,,,,,,,,,,,,,,,,,,,,,,,,,,,,,,,,,,,,,,,,,,,,,,,,1.0,,,,,,,,,,,,,,,,,,,,,,,,,,,,,,,,,,,,,,,,,,,,,,,,,,,,,,,,,,,,,between 10 and 50,Medical Devices,0.0,0.0,0.0,0.0,0.0,0.0,0.0,1.0,0.0,0.0,0.0,0.0,0.0,0.0,0.0,0.0,,,,,,,,1.0,,,Data Scientist,Yes,,,,,1.0,,,,,,1.0,1.0,,,,,,,,ja,0.0,No,,,,,,,1.0,,,1.0,1.0,,,,,2.0,2.0,4.0,4.0,2.0,2.0,2.0,4.0,,,,,,,,,,,,,,7.0,5.0,6.0,ja,100.0,,1.0,,,,Supervised learning,"MNIST (http://yann.lecun.com/exdb/mnist/), LibriSpeech (http://www.openslr.org/12), AudioSet (https://research.google.com/audioset/), AVSpeech (https://looking-to-listen.github.io/avspeech/download.html)",ja
72632410,21.07.2020 15:08,21.07.2020 15:19,"Yes, as enrichment of our internal data",No,Yes,Yes,_Other,,,,,,,,,,,,,,,,,,,,,,,,,,,,,,,,,,,,,,,,,,,,,,,,,,,,,,,,,,,,,,,,,,,,,,,,,,,,,,,,,,,,,,,,,,,,,,1.0,,,,,,,,,,,,,,,,,,,,,,,,,,,,,,,,,,,,,,,,,,,,,,,,,,,,,,,,1.0,0.0,0.0,0.0,0.0,0.0,0.0,0.0,0.0,0.0,0.0,0.0,1.0,0.0,0.0,0.0,,,,1.0,,,,,,,,Yes,,,,,,,,,,,,1.0,,,,,,,,ja,96.0,No,,,,,1.0,,,,,1.0,,,,,,4.0,1.0,1.0,4.0,1.0,1.0,1.0,1.0,,,,,,,,,,,,,,7.0,5.0,5.0,ja,100.0,,1.0,,,,Semi-supervised  learning,http://millionsongdataset.com,nein
72651707,22.07.2020 05:48,22.07.2020 05:48,I don't know,,,,,,,,,,,,,,,,,,,,,,,,,,,,,,,,,,,,,,,,,,,,,,,,,,,,,,,,,,,,,,,,,,,,,,,,,,,,,,,,,,,,,,,,,,,,,,,,,,,,,,,,,,,,,,,,,,,,,,,,,,,,,,,,,,,,,,,,,,,,,,,,,,,,,,,,,,,,,,,,,,,,,,,,,,0.0,0.0,0.0,0.0,0.0,0.0,0.0,0.0,0.0,0.0,,,,,,,,,,,,,,,,,,,,,,,,,,,,,,,,,,,,,,,,,,,,,,,,,,,,,,,,,,,,,,,,,,,,,,,,,ja
72663316,22.07.2020 11:56,22.07.2020 12:02,"Yes, sometimes as enrichment and sometimes as stand-alone training data",No,Yes,Yes,India,,,,,,,,,,,1.0,,,,,,,,,,,,,,,,,,,,,,,,,,,,,,,,,,,,,,,,,,,,,,,,,,,,,,,,,,,,,,,,,,,,,,,,,,,,,,,,,,,,,,,,,,,,,,,,,,,,,,,,,,,,,,,,,1.0,,,,,,,,,,,,,,,,,,,,,,,,,,0.0,0.0,0.0,1.0,1.0,0.0,1.0,0.0,0.0,0.0,0.0,0.0,0.0,0.0,0.0,0.0,,,1.0,,,,,1.0,,,,Yes,,,,1.0,1.0,1.0,,1.0,,,,1.0,1.0,1.0,1.0,,,,,ja,74.0,Yes,csv,json,,1.0,1.0,1.0,,,,1.0,,,,,,5.0,5.0,4.0,4.0,3.0,,0.0,0.0,,,,,,,,,,,,,,6.0,6.0,7.0,ja,7.0,,1.0,,,,Supervised learning,"UCI, kaggle",ja
